Workbook
Name GND_OC_Philosophy: CAP_487V!$A$232
Name GND_OC_Philosophy: HV_351S!#REF!
Name GND_OC_Philosophy: CAP_487V!$A$232
Name GND_OC_Philosophy: CAP_487V!$A$232
Name GND_OC_Philosophy: Reference!#REF!
Name GND_OC_Philosophy: XFMR_487E!#REF!
Name GND_OC_Philosophy: FDR_351S!$A$152
Name GND_TOC_Philosophy: CAP_487V!#REF!
Name GND_TOC_Philosophy: HV_351S!$A$158
Name GND_TOC_Philosophy: CAP_487V!#REF!
Name GND_TOC_Philosophy: CAP_487V!#REF!
Name GND_TOC_Philosophy: Reference!#REF!
Name GND_TOC_Philosophy: XFMR_487E!#REF!
Name GND_TOC_Philosophy: FDR_351S!$A$175
Name pangolin: #REF!
Name PH_OC_Philosophy: CAP_487V!$A$179
Name PH_OC_Philosophy: HV_351S!#REF!
Name PH_OC_Philosophy: CAP_487V!$A$179
Name PH_OC_Philosophy: CAP_487V!$A$179
Name PH_OC_Philosophy: Reference!#REF!
Name PH_OC_Philosophy: XFMR_487E!$A$224
Name PH_OC_Philosophy: FDR_351S!$A$100
Name PH_TOC_Philosophy: CAP_487V!$A$209
Name PH_TOC_Philosophy: HV_351S!$A$115
Name PH_TOC_Philosophy: CAP_487V!$A$209
Name PH_TOC_Philosophy: CAP_487V!$A$209
Name PH_TOC_Philosophy: Reference!#REF!
Name PH_TOC_Philosophy: XFMR_487E!$A$263
Name PH_TOC_Philosophy: FDR_351S!$A$128
Name Port_F: #REF!
Name Vfreq_Philosophy: CAP_487V!$A$252
Name Vfreq_Philosophy: HV_351S!$A$204
Name Vfreq_Philosophy: CAP_487V!$A$252
Name Vfreq_Philosophy: CAP_487V!$A$252
Name Vfreq_Philosophy: Reference!#REF!
Name Vfreq_Philosophy: XFMR_487E!#REF!
Name Vfreq_Philosophy: FDR_351S!$A$201

Sheet Reference
A1: Collector Substation Relay Settings
A7: Project Data
A8: Project | B8: Grover Hill Wind
A9: Client | B9: White Construction/AEP/Lotus
A10: Engineer | B10: T. Clark
A11: Date | B11: 45933
A12: Revision | B12: A
A15: Shared Settings
A16: Terminal/Station ID | B16: GRVR HL WND
A17: Company Name | B17: AEP
A18: UTC Offset | B18: -5
A19: Default Router | B19: =[1]IPs!$B$4 -> 172.31.100.254
A20: Subnet Mask | B20: 255.255.255.0
A21: DNP Client IP 1 | B21: 172.31.100.241
A22: DNP Client IP 2 | B22: 172.31.100.243
A23: PMU Client IP | B23: =[1]IPs!$G$45 -> 172.31.100.38
A26: Change Log
A27: Revision | B27: Date | C27: Description
A28: A | B28: 45933 | C28: Issued for Review

Sheet HV_351S
A1: SEL-351S HV Protection Settings & Logic
A7: Relay Specification
A8: Manufacturer | B8: SEL
A9: Model | B9: SEL-351S
A10: Part # | B10: 0351S7XHD3E5441
A11: Function | B11: HV Protection and Bkr Control
A13: Front View | E13: Rear View
A26: Relay Classification
A27: Relay ID (RID) | B27: Setpoint Class | C27: Logic Class | D27: IP Address (IPADDR)
A28: 11T1 | B28: A | C28: 1 | D28: =IFERROR(VLOOKUP(class_HV351S[[#This Row],[Relay ID (RID)]],[1]IPs!$C$45:$G$250,5,FALSE),"") -> 172.31.100.80
D29: =IFERROR(VLOOKUP(class_HV351S[[#This Row],[Relay ID (RID)]],[1]IPs!$C$45:$G$250,5,FALSE),"")
D30: =IFERROR(VLOOKUP(class_HV351S[[#This Row],[Relay ID (RID)]],[1]IPs!$C$45:$G$250,5,FALSE),"")
D31: =IFERROR(VLOOKUP(class_HV351S[[#This Row],[Relay ID (RID)]],[1]IPs!$C$45:$G$250,5,FALSE),"")
D32: =IFERROR(VLOOKUP(class_HV351S[[#This Row],[Relay ID (RID)]],[1]IPs!$C$45:$G$250,5,FALSE),"")
A35: I/O Summary | D35: Remote Bit Summary
A36: I/O | B36: Description | D36: Element | E36: Description | F36: Behavior
A37: IN101 | B37: 52T1 Status (a) | D37: OC | E37: 52T SCADA Open | F37: Pulse
A38: IN102 | B38: 52T1 Status (b) | D38: CC | E38: 52T SCADA Close | F38: Pulse
A39: IN103 | B39: Not Used | D39: RB1 | E39: Target Reset | F39: Pulse
A40: IN104 | B40: Not Used | D40: RB2 | E40: 89L1 SCADA Open | F40: Pulse
A41: IN105 | B41: 86BFH1 Status | D41: RB3 | E41: 89L1 SCADA Close | F41: Pulse
A42: IN106 | B42: 86BFH1 Trip Coil Monitor
A43: OUT101 | B43: 52T1 Protection Trip (TC1)
A44: OUT102 | B44: 52T1 SCADA Trip | D44: Pushbutton Summary
A45: OUT103 | B45: 52T1 SCADA Close | D45: Element | E45: Description | F45: Target LED
A46: OUT104 | B46: 86BFH1 Lockout Trip | D46: PB1 | E46: Remote Enable | F46: LED1
A47: OUT105 | B47: 11T1 Fault Indicator | D47: PB2 | E47: Undervoltage Disable | F47: LED2
A48: OUT106 | B48: 52T1 Secondary Trip (TC2) | D48: PB3 | E48: Breaker Failure Disable | F48: LED3
A49: OUT107 | B49: 52T1 Block Close | D49: PB4 | E49: Not Used | F49: LED4
A50: ALARM | B50: Relay Fail Alarm to DPAC | D50: PB5 | E50: Operator Lock (hold for 3 sec) | F50: LED5
A51: IN201 | B51: 52T1 Breaker Failure Initiate | D51: PB6 | E51: Trip Coil Failed (push to reset) | F51: LED6
A52: IN202 | B52: 89L1 Status (a) | D52: PB7 | E52: Not Used | F52: LED7
A53: IN203 | B53: 89L1 L/R Status | D53: PB8 | E53: Not Used | F53: LED8
A54: IN204 | B54: 52T1 Loss of Motor DC | D54: PB9 | E54: Not Used | F54: LED9
A55: IN205 | B55: 52T1 Auto Transfer Motor Power | D55: PB10 | E55: Not Used | F55: LED10
A56: IN206 | B56: Not Used
A57: IN207 | B57: 52T1 Spring Alarm
A58: IN208 | B58: 52T1 TCM Trip 1 | D58: Ratios & Nominal Voltages
A59: IN209 | B59: 52T1 TCM Trip 2 | D59: Element | E59: Value
A60: IN210 | B60: 52T1 Low SF6 LO Trip 1 | D60: CT Ratio | E60: 240
A61: IN211 | B61: 52T1 Low SF6 LO Trip 2 | D61: PT Ratio | E61: 1200
A62: IN212 | B62: 52T1 Low SF6 Alarm | D62: HV Bus Voltage (kV LL) | E62: 138
A63: IN213 | B63: Not Used | D63: Relay Nominal Voltage (V-sec LN) | E63: 66.4
A64: IN214 | B64: 52T1 74 DC Close
A65: IN215 | B65: 52T1 74 DC Trip 1
A66: IN216 | B66: 52T1 74 DC Trip 2
A67: OUT201 | B67: BF Transfer Trip to 87LP
A68: OUT202 | B68: BF Transfer Trip to 87LS
A69: OUT203 | B69: 89L1 SCADA Open
A70: OUT204 | B70: 89L1 SCADA Close
A73: Short Circuit Current Magnitudes
A74: Setpoint Class | B74: 3PH (A-pri) | E74: SLG/2PH-G 3I0 (A-pri)
B75: POI | C75: HV Sub Bus | D75: MV Sub Bus | E75: POI | F75: HV Sub Bus | G75: MV Sub Bus
A76: A | B76: 1407 | C76: 6820 | D76: 2961 | E76: 2523 | F76: 3649 | G76: 555
A83: PH OC Settings | C83: Setpoint Class
A84: Level 1 (OFF) | C84: A | D84: B | E84: C | F84: D | G84: E
A85: Pickup | B85: 50P1P (A-sec) | C85: OFF
A86: Delay | B86: 67P1D (cyc) | C86: 0
A87: Torque Control | B87: 67P1TC | C87: 1
A89: PH OC Philosophy
A90: Disabled
A104: PH TOC Settings | C104: Setpoint Class
A105: Level 1 | C105: A | D105: B | E105: C | F105: D | G105: E
A106: Aggegate MVA | B106: MVA | C106: 166.63667
A107: HV Voltage | B107: kV-LL | C107: 138
A108: PRC-025-2, Op. 11 Loadability | B108: A-pri | C108: =1.3*(1000*C106)/(SQRT(3)*C107) -> 906.30467
A109: Pickup | B109: 51P1P (A-sec) | C109: =ROUNDUP(C108/$E$60,2) -> 3.78
A110: Curve | B110: 51P1C | C110: U3
A111: Time Dial | B111: 51P1TD | C111: 1
A112: Torque Control | B112: 51P1TC | C112: 1
A114: PH TOC Philosophy
A115: Set pickup per PRC-025-2, Option 11. Set curve and time dial to coordinate with downstream protection. Set minimum response time to ensure element does not operate before the instantaneous element. Level 1 TOC element must ride through aggregate GSU inrush. PRC-025-2, Option 11 Setting Criteria: The overcurrent element shall be set greater than 130% of the calculated current derived from the maximum aggregate nameplate MVA output at rated power factor (including the Mvar output of any static or dynamic reactive power devices). Where applicable, these elements are set to coincide with downstream transformer HV terminal time overcurrent elements.
A129: GND OC Settings | C129: Setpoint Class
A130: Level 1 (OFF) | C130: A | D130: B | E130: C | F130: D | G130: E
A131: Pickup | B131: 50G1P (A-sec) | C131: OFF
A132: Delay | B132: 67G1D (cyc) | C132: 0
A133: Torque Control | B133: 67G1TC | C133: 1
A135: GND OC Philosophy
A136: Disabled
A150: GND TOC Settings | C150: Setpoint Class
A151: Level 1 | C151: A | D151: B | E151: C | F151: D | G151: E
A152: Pickup | B152: 51G1P (A-sec) | C152: =ROUND(0.33*C$109,2) -> 1.25
A153: Curve | B153: 51G1C (cyc) | C153: U3
A154: Time Dial | B154: 51G1TD | C154: 1
A155: Torque Control | B155: 51G1TC | C155: 1
A157: GND TOC Philosophy
A158: Ground time overcurrent settings are set to coincide with downstream tranformer HV terminal time overcurrent elements.
A172: BF Settings | C172: Setpoint Class
A173: Level 1 | C173: A | D173: B | E173: C | F173: D | G173: E
A174: Pickup | B174: 50BFP (A-sec) | C174: =ROUND(0.5*C109,2) -> 1.89
A175: Time Delay | B175: BFPU (cyc) | C175: 9
A177: BF Philosophy
A178: Set breaker failure detection pickup to 50% of phase time overcurrent pickup.
A192: Voltage & Frequency Settings
A193: Description | B193: Pickup | E193: Logic | F193: Pickup Delay
B194: Element | C194: Setting Value | D194: Per Unit Value | F194: Seconds | G194: Cycles
A195: Freq Undervolt Block | B195: 27B81P (V) | C195: =vfreq_HV351S[[#This Row],[Column4]]*$E$63 -> 44.488 | D195: 0.67
A196: Level 1 Underfreq | B196: 81D1P (Hz) | C196: 56 | D196: NA | F196: 70 | G196: =vfreq_HV351S[[#This Row],[Column3]]*vfreq_HV351S[[#This Row],[Column6]] -> 3920
A197: Level 1 Overfreq | B197: 81D2P (Hz) | C197: 64 | D197: NA | F197: 70 | G197: =vfreq_HV351S[[#This Row],[Column3]]*vfreq_HV351S[[#This Row],[Column6]] -> 4480
A198: Level 1 Undervolt | B198: 27P1P (V) | C198: =vfreq_HV351S[[#This Row],[Column4]]*$E$63 -> 51.128 | D198: 0.77 | E198: SV6 | F198: 12 | G198: =vfreq_HV351S[[#This Row],[Column6]]*60 -> 720
...

Sheet XFMR_487E
A1: SEL-487E XFMR Protection Settings & Logic
A7: Relay Specification
A8: Manufacturer | B8: SEL
A9: Model | B9: SEL-487E
A10: Part # | B10: 0487E3X411XXB0X4H644XXX
A11: Function | B11: XFMR Protection
A13: Front View | E13: Rear View
A36: Relay Classification
A37: Relay ID (RID) | B37: Setpoint Class | C37: Logic Class | D37: IP Address/CIDR Prefix (IPADDR)
A38: 87T1P | B38: A | C38: 1 | D38: 172.31.100.81/24
A41: I/O Summary | D41: Remote Bit Summary
A42: I/O | B42: Description | D42: Element | E42: Description | F42: Behavior
A43: IN101 | B43: 52T1 Status (a) | D43: RB01 | E43: Target Reset | F43: Pulse
A44: IN102 | B44: 52T1 Status (b)
A45: IN103 | B45: Not Used
A46: IN104 | B46: 86T1P Status
A47: IN105 | B47: 86T1P Trip Coil Monitor
A48: IN106 | B48: MPT1 Sump Pump Alarm | D48: Pushbutton Summary
A49: IN107 | B49: Not Used | D49: Element | E49: Description | F49: Target LED
A50: OUT101 | B50: 52T1 Protection Trip | D50: PB1 | E50: 86T1P Trip Coil Alarm | F50: PB1_LED
A51: OUT102 | B51: 86T1P Lockout Trip | D51: PB2 | E51: Not Used | F51: PB2_LED
A52: OUT103 | B52: 11T1 Breaker Failure Initiate | D52: PB3 | E52: Not Used | F52: PB3_LED
A53: OUT104 | B53: Not Used | D53: PB4 | E53: Not Used | F53: PB4_LED
A54: OUT105 | B54: Not Used | D54: PB5 | E54: Not Used | F54: PB5_LED
A55: OUT106 | B55: Not Used | D55: PB6 | E55: Not Used | F55: PB6_LED
A56: OUT107 | B56: OLTC Disable | D56: PB7 | E56: Not Used | F56: PB7_LED
A57: OUT108 | B57: Relay Fail Alarm | D57: PB8 | E57: Not Used | F57: PB8_LED
A58: IN201 | B58: Not Used | D58: PB9 | E58: Not Used | F58: PB9_LED
A59: IN202 | B59: Not Used | D59: PB10 | E59: Not Used | F59: PB10LED
A60: IN203 | B60: Not Used | D60: PB11 | E60: Not Used | F60: PB11LED
A61: IN204 | B61: MPT1 ETM-X Oil Alarm | D61: PB12 | E61: Not Used | F61: PB12LED
A62: IN205 | B62: MPT1 26Q-1 Oil Temp alarm
A63: IN206 | B63: MPT1 27-4 UV Alarm (B)
A64: IN207 | B64: MPT1 63PR-X PR Alarm
A65: IN208 | B65: MPT1 63GA-1 Service Alarm
A66: IN209 | B66: MPT1 27-AR Rapid Pressure Alarm
A67: IN210 | B67: MPT1 63SDG Gas Alarm
A68: IN211 | B68: MPT1 PR-4X PR LTC Alarm
A69: IN212 | B69: MPT1 27-X AC Alarm
A70: IN213 | B70: Not Used
A71: IN214 | B71: Not Used
A72: IN215 | B72: Not Used
A73: IN216 | B73: MPT1 BH-X Gas ACC Alarm
... A89: OUT208 | B89: Not Used
A92: Target LED Summary
A93: Target LED | B93: Description | C93: Logic | D93: Latch | E93: LED Color (On, Off) | F93: Setpoint Class
A94: T1_LED | B94: A Phase Diff Trip | C94: 87RA OR 87UA | D94: Y | E94: RO | F94: A
A95: T2_LED | B95: B Phase Diff Trip | C95: 87RB OR 87UB | D95: Y | E95: RO | F95: A
A96: T3_LED | B96: C Phase Diff Trip | C96: 87RC OR 87UC | D96: Y | E96: RO | F96: A
A97: T4_LED | B97: Not Used | C97: NA | D97: Y | E97: RO | F97: A
A98: T5_LED | B98: High Side TOC Trip | C98: 51T01 OR 51T03 | D98: Y | E98: RO | F98: A
A99: T6_LED | B99: Low Side TOC Trip | C99: 51T02 OR 51T04 | D99: Y | E99: RO | F99: A
A100: T7_LED | B100: Low Side Overload | C100: 67TP1 | D100: N | E100: RO | F100: A
A101: T8_LED | B101: High Side REF Trip | C101: REFF1 | D101: Y | E101: RO | F101: A
A102: T9_LED | B102: Low Side REF Trip | C102: REFF2 | D102: Y | E102: RO | F102: A
A103: T10_LED | B103: Volts/Hz Trip | C103: 24D1T | D103: Y | E103: RO | F103: A
A104: T11_LED | B104: Loss of Potential | C104: LOPZ | D104: N | E104: RO | F104: A
... A117: T24_LED | B117: Not used | C117: NA | D117: Y | E117: AO | F117: A
A120: Ratios & Nominal Voltages | C120: Setpoint Class
A121: Terminal | B121: Element | C121: A | D121: B | E121: C | F121: D | G121: E
A122: S | B122: CTRS | C122: 400
A123: T | B123: CTRT | C123: 600
A124: IY1 | B124: CTRY1 | C124: 240
A125: IY2 | B125: CTRY2 | C125: 600
B126: MV Voltage (kV-LL) | C126: 34.5
A127: V | B127: PTRV | C127: 300
A128: V | B128: VNOMV (V-sec) | C128: =C126*1000/C127 -> 115
B129: HV Voltage (kV-LL) | C129: 138
A130: Z | B130: PTRZ | C130: 1200
A131: Z | B131: VNOMZ (V-sec) | C131: =C129*1000/C130 -> 115
A134: Short Circuit Current Magnitudes
A135: Relay | B135: Setpoint Class | C135: Fault Location | D135: Relay Input Terminal | E135: 3PH (A-pri) | F135: SLG/2PH-G 3I0 (A-pri)
A136: 87T1P | B136: A | C136: POI | D136: IS | E136: 1407 | F136: 2523
A137: 87T1P | B137: A | C137: POI | D137: IT | E137: 5629 | F137: 15
A138: 87T1P | B138: A | C138: HV Substation Bus | D138: IS | E138: 6820 | F138: 3649
A139: 87T1P | B139: A | C139: HV Substation Bus | D139: IT | E139: 6275 | F139: 24
A140: 87T1P | B140: A | C140: MV Substation Bus | D140: IS | E140: 2961 | F140: 609
A141: 87T1P | B141: A | C141: MV Substation Bus | D141: IT | E141: 11846 | F141: 12423
A144: Differential 87T Settings | C144: Setpoint Class
C145: A | D145: B | E145: C | F145: D | G145: E
A146: Base XFMR MVA | B146: MVA | C146: 99
A147: Max XFMR MVA | B147: MVA | C147: 165
A148: HV Full Load Amps at Base (S) | B148: A-pri | C148: =IFERROR(C$146*1000/(SQRT(3)*C$129),"") -> 414.18606 | D148: =IFERROR(D$146*1000/(SQRT(3)*D$129),"") | E148: =IFERROR(E$146*1000/(SQRT(3)*E$129),"") | F148: =IFERROR(F$146*1000/(SQRT(3)*F$129),"") | G148: =IFERROR(G$146*1000/(SQRT(3)*G$129),"")
A149: HV CT Ratio (S) | B149: CTRS | C149: =IF(ISBLANK(C$122),"",C$122) -> 400 | D149: =IF(ISBLANK(D$122),"",D$122) | E149: =IF(ISBLANK(E$122),"",E$122) | F149: =IF(ISBLANK(F$122),"",F$122) | G149: =IF(ISBLANK(G$122),"",G$122)
A150: HV TAP (S) | B150: TAPS | C150: =IFERROR(C$148/C$149,"") -> 1.0354652 | D150: =IFERROR(D$148/D$149,"") | E150: =IFERROR(E$148/E$149,"") | F150: =IFERROR(F$148/F$149,"") | G150: =IFERROR(G$148/G$149,"")
A151: MV Full Load Amps at Base (T) | B151: A-pri | C151: =IFERROR(C$146*1000/(SQRT(3)*C$126),"") -> 1656.7443 | D151: =IFERROR(D$146*1000/(SQRT(3)*D$126),"") | E151: =IFERROR(E$146*1000/(SQRT(3)*E$126),"") | F151: =IFERROR(F$146*1000/(SQRT(3)*F$126),"") | G151: =IFERROR(G$146*1000/(SQRT(3)*G$126),"")
A152: MV CT Ratio (T) | B152: CTRT | C152: =IF(ISBLANK(C$123),"",C$123) -> 600 | D152: =IF(ISBLANK(D$123),"",D$123) | E152: =IF(ISBLANK(E$123),"",E$123) | F152: =IF(ISBLANK(F$123),"",F$123) | G152: =IF(ISBLANK(G$123),"",G$123)
A153: MV TAP (T) | B153: TAPT | C153: =IFERROR(C$151/C$152,"") -> 2.7612404 | D153: =IFERROR(D$151/D$152,"") | E153: =IFERROR(E$151/E$152,"") | F153: =IFERROR(F$151/F$152,"") | G153: =IFERROR(G$151/G$152,"")
A154: Max TAP | C154: =IF(C$150="","",MAX(C$153,C$150)) -> 2.7612404 | D154: =IF(D$150="","",MAX(D$153,D$150)) | E154: =IF(E$150="","",MAX(E$153,E$150)) | F154: =IF(F$150="","",MAX(F$153,F$150)) | G154: =IF(G$150="","",MAX(G$153,G$150))
A155: Min TAP | C155: =IF(C$150="","",MIN(C$153,C$150)) -> 1.0354652 | D155: =IF(D$150="","",MIN(D$153,D$150)) | E155: =IF(E$150="","",MIN(E$153,E$150)) | F155: =IF(F$150="","",MIN(F$153,F$150)) | G155: =IF(G$150="","",MIN(G$153,G$150))
A156: TAP Ratio | C156: =IFERROR(C$154/C$155,"") -> 2.6666667 | D156: =IFERROR(D$154/D$155,"") | E156: =IFERROR(E$154/E$155,"") | F156: =IFERROR(F$154/F$155,"") | G156: =IFERROR(G$154/G$155,"")
A157: Nominal Secondary Current | B157: A-sec | C157: =IF(ISBLANK(C$146),"",5) -> 5 | D157: =IF(ISBLANK(D$146),"",5) | E157: =IF(ISBLANK(E$146),"",5) | F157: =IF(ISBLANK(F$146),"",5) | G157: =IF(ISBLANK(G$146),"",5)
A158: O87P Multiplier | C158: =IF(ISBLANK(C$146),"",0.02) -> 0.02 | D158: =IF(ISBLANK(D$146),"",0.02) | E158: =IF(ISBLANK(E$146),"",0.02) | F158: =IF(ISBLANK(F$146),"",0.02) | G158: =IF(ISBLANK(G$146),"",0.02)
A159: Restrained Op. Current Pickup | B159: O87P (pu) | C159: =IFERROR(IF(C$158*C$157/C$155>0.5,C$158*C$157/C$155,0.5),"") -> 0.5 | D159: =IFERROR(IF(D$158*D$157/D$155>0.5,D$158*D$157/D$155,0.5),"") | E159: =IFERROR(IF(E$158*E$157/E$155>0.5,E$158*E$157/E$155,0.5),"") | F159: =IFERROR(IF(F$158*F$157/F$155>0.5,F$158*F$157/F$155,0.5),"") | G159: =IFERROR(IF(G$158*G$157/G$155>0.5,G$158*G$157/G$155,0.5),"")
A160: Differential Slope 1 | B160: SLP1 (%) | C160: =IF(ISBLANK(C$146),"",35) -> 35 | D160: =IF(ISBLANK(D$146),"",35) | E160: =IF(ISBLANK(E$146),"",35) | F160: =IF(ISBLANK(F$146),"",35) | G160: =IF(ISBLANK(G$146),"",35)
A161: Differential Slope 2 | B161: SLP2 (%) | C161: =IF(ISBLANK(C$146),"",90) -> 90 | D161: =IF(ISBLANK(D$146),"",90) | E161: =IF(ISBLANK(E$146),"",90) | F161: =IF(ISBLANK(F$146),"",90) | G161: =IF(ISBLANK(G$146),"",90)
A162: Unrestrained Op. Current Pickup | B162: U87P (pu) | C162: =IF(C$148="","",ROUNDUP(0.5*MAX(E140/C$148,E141/C$151),0)) -> 4 | D162: =IF(D$148="","",ROUNDUP(0.5*MAX(F140/D$148,F141/D$151),0)) | E162: =IF(E$148="","",ROUNDUP(0.5*MAX(G140/E$148,G141/E$151),0)) | F162: =IF(F$148="","",ROUNDUP(0.5*MAX(H140/F$148,H141/F$151),0)) | G162: =IF(G$148="","",ROUNDUP(0.5*MAX(I140/G$148,I141/G$151),0))
A165: Differential Philosophy
A166: The differential slopes are calculated using the formula: Slope = tec + rme + (2 * cte + ltce + cte * ltce) / (1 + ltce) Where: tec is the transformer excitation current error, set to 0.03. rme is the relay measurement error, set to 0.05. cte is the current transformer error, which is 0.01 during normal load conditions and 0.20 for high current conditions. ltce is the load tap changer error, set to 0.10. Per SEL recommendation the U87P element is set based on the maximum bus fault in per-unit of the TAP value while accounting for CT saturation which is conservatively assumed to be 50%. This equates to U87P = 0.5 * I3PH-HV/IFLA-HV or 0.5 * I3PH-MV/IFLA-MV, the greater of the two values should be used and then rounded up to the highest integer value.
A180: Restricted Earth Fault Settings | C180: Setpoint Class
...

Sheet XFMR_787
A1: SEL-787 XFMR Protection Settings & Logic
A7: Relay Specification
A8: Manufacturer | B8: SEL
A9: Model | B9: SEL-787
A10: Part # | B10: 07872EE1A1A1A79850620
A11: Function | B11: XFMR Protection
A13: Front View | E13: Rear View
A35: Relay Classification
A36: Relay ID (RID) | B36: Setpoint Class | C36: Logic Class | D36: IP Address (IPADDR)
A37: 87T1S | B37: A | C37: 1 | D37: =IFERROR(VLOOKUP(class_787[[#This Row],[Relay ID (RID)]],[1]IPs!$C$45:$G$250,5,FALSE),"") -> 172.31.100.82
A39: I/O Summary | D39: Remote Bit Summary
A40: I/O | B40: Description | D40: Element | E40: Description | F40: Behavior
A41: IN101 | B41: 52T1 Status (a) | D41: RB01 | E41: Target Reset | F41: Pulse
A42: IN102 | B42: Not Used
A43: OUT101 | B43: 52T1 Secondary Protection Trip
A44: OUT102 | B44: 86T1S Lockout Trip | D44: Pushbutton Summary
A45: OUT103 | B45: Relay Fail Alarm | D45: Element | E45: Description | F45: Target LED
A46: IN301 | B46: Spare | D46: PB1 | E46: 86T1S Trip Coil Failed (push to reset) | F46: PB1A_LED
A47: IN302 | B47: Spare | D47: PB2 | E47: Not Used | F47: PB2A_LED
A48: IN303 | B48: Not Used | D48: PB3 | E48: Not Used | F48: PB3A_LED
A49: IN304 | B49: Not Used | D49: PB4 | E49: Not Used | F49: PB4A_LED
A50: OUT301 | B50: 11T1 Breaker Failure Initiate | D50: PB5 | E50: Not Used | F50: PB5A_LED
A51: OUT302 | B51: Not Used | D51: PB6 | E51: Not Used | F51: PB6A_LED
A52: OUT303 | B52: Not Used | D52: PB7 | E52: Not Used | F52: PB7A_LED
A53: OUT304 | B53: Not Used | D53: PB8 | E53: Not Used | F53: PB8A_LED
A54: IN401 | B54: 86T1S Status
A55: IN402 | B55: 86T1S Trip Coil Monitor
A56: IN403 | B56: Not Used
A57: IN404 | B57: Not Used
A58: OUT401 | B58: Relay Fault Indicator
A59: OUT402 | B59: Not Used
A60: OUT403 | B60: Not Used
A61: OUT404 | B61: Not Used
A64: Ratios & Nominal Voltages | C64: Setpoint Class
A65: Terminal | B65: Element | C65: A | D65: B | E65: C | F65: D | G65: E
A66: W1 | B66: CTR1 | C66: 240
A67: W2 | B67: CTR2 | C67: 600
B68: HV Voltage (kV-LL) | C68: 138
B69: MV Voltage (kV-LL) | C69: 34.5
B70: PTR | C70: Not Used
B71: VNOM (kV-LL) | C71: Not Used
A74: Short Circuit Current Magnitudes
A75: Relay | B75: Setpoint Class | C75: Fault Location | D75: Relay Input Terminal | E75: 3 PH (A-pri) | F75: SLG/2PH-G 3I0 (A-pri)
A76: 87T1S | B76: A | C76: POI | D76: IW1 | E76: 1407 | F76: 2523
A77: 87T1S | B77: A | C77: POI | D77: IW2 | E77: 5629 | F77: 15
A78: 87T1S | B78: A | C78: HV Substation Bus | D78: IW1 | E78: 1569 | F78: 3746
A79: 87T1S | B79: A | C79: HV Substation Bus | D79: IW2 | E79: 6275 | F79: 24
A80: 87T1S | B80: A | C80: MV Substation Bus | D80: IW1 | E80: 2961 | F80: 609
A81: 87T1S | B81: A | C81: MV Substation Bus | D81: IW2 | E81: 11846 | F81: 12423
A85: Differential 87T Settings | C85: Setpoint Class
C86: A | D86: B | E86: C | F86: D | G86: E
A87: Max XFMR MVA | B87: MVA | C87: 165
A88: Base XFMR MVA | B88: MVA | C88: 99
A89: HV Full Load Amps at Base (W1) | B89: A-pri | C89: =C88*1000/(SQRT(3)*C68) -> 414.18606
A90: HV CT Ratio (W1) | B90: CTR1 | C90: =C66 -> 240
A91: HV TAP (W1) | B91: TAP1 | C91: =C89/C90 -> 1.7257753
A92: MV Full Load Amps at Base (W2) | B92: A-pri | C92: =C88*1000/(SQRT(3)*C69) -> 1656.7443
A93: MV CT Ratio (W2) | B93: CTR2 | C93: =C67 -> 600
A94: MV TAP (W2) | B94: TAP2 | C94: =C92/C93 -> 2.7612404
A95: Max TAP | C95: =MAX(C94,C91) -> 2.7612404
A96: Min TAP | C96: =MIN(C94,C91) -> 1.7257753
A97: TAP Ratio | C97: =C95/C96 -> 1.6
A98: Nominal Secondary Current | B98: A-sec | C98: 5
A99: O87P Multiplier | C99: 0.02
A100: Restrained Op. Current Pickup | B100: O87P (pu) | C100: =IF(C99*C98/C96>0.5,C99*C98/C96,0.5) -> 0.5
A101: Differential Slope 1 | B101: SLP1 (%) | C101: 35
A102: Differential Slope 2 | B102: SLP2 (%) | C102: 90
A103: Unrestrained Op. Current Pickup | B103: U87P (pu) | C103: 4
A106: Differential Philosophy
A107: Differential current alarm 87AP = 0.25 pu 87AD = 1 sec Differential configuration set to match primary transformer differential protection. See 87T1P for calculations. Restraint current slope 1 limit (per manufacturer’s recommendation) IRS1 = 6.0
A124: PH TOC Settings | C124: Setpoint Class
A125: Level 1 (Terminal W1) | C125: A | D125: B | E125: C | F125: D | G125: E
A126: Aggegate MVA | B126: MVA | C126: 166.63667
A127: HV Voltage | B127: kV-LL | C127: =C68 -> 138
A128: PRC-025-2, Op. 11 Loadability | B128: A-pri | C128: =1.3*(1000*C126)/(SQRT(3)*C127) -> 906.30467
A129: Min 3PH Fault | B129: A-pri | C129: =MIN($E$76,$E$78,$E$80) -> 1407
A130: Pickup | B130: 51P1P (A-sec) | C130: =ROUNDUP(IF(C$128/C$66<0.5,0.5,C$128/C$66),2) -> 3.78
A131: Curve | B131: 51P1C | C131: U3
A132: Time Dial | B132: 51P1TD | C132: 2.01
A133: Torque Control | B133: 51P1TC | C133: 1
A134: Level 1 (Terminal W2) | C134: A | D134: B | E134: C | F134: D | G134: E
A135: Aggegate MVA | B135: MVA | C135: 166.63667
A136: HV Voltage | B136: kV-LL | C136: =C127 -> 138
A137: Max GSU Turns Ratio | C137: 4.4057971
A138: PRC-025-2, Op. 11 Loadability | B138: A-pri | C138: =1.3*(1000*C135)/(SQRT(3)*C136/C137) -> 3992.9945
A139: Min 3PH Fault | B139: A-pri | C139: =MIN($E$77,$E$79,$E$81) -> 5629
A140: Pickup | B140: 51P2P (A-sec) | C140: =ROUNDUP(IF(C$138/C$67<0.5,0.5,C$138/C$67),2) -> 6.66
A141: Curve | B141: 51P2C | C141: U3
A142: Time Dial | B142: 51P2TD | C142: 1
A143: Torque Control | B143: 51P2TC | C143: 1
A146: PH TOC Philosophy
A147: Phase time overcurrent settings are in compliance with PRC-025. Winding 1 -> Set equal to Terminal S in 87T1P Winding 2 -> Set equal to Terminal T in 87T1P Min pickup is 0.5.
A161: GND OC Settings | C161: Setpoint Class
A162: Level 1 (Terminal W1) | C162: A | D162: B | E162: C | F162: D | G162: E
A163: POI Fault Max 3I0 | B163: A-pri | C163: =F76 -> 2523
A164: Pickup | B164: 50G11P (A-sec) | C164: =ROUNDDOWN(1.25*C163/C66,2) -> 13.14
A165: Delay | B165: 50G11D (seconds) | C165: 0.1
A166: Torque Control | B166: 50G11TC | C166: 1
A169: GND OC Philosophy
A170: Winding 1 -> Set equal to Terminal S in 87T1P Min pickup is 0.5.
...

Sheet FDR_351S
A1: SEL-351S Feeder Protection Settings & Logic
A7: Relay Specification
A8: Manufacturer | B8: SEL
A9: Model | B9: SEL-351S
A10: Part # | B10: 0351S7XHD3E5441
A11: Function | B11: Feeder Protection
A13: Front View | E13: Rear View
A26: Relay Classification
A27: Relay ID (RID) | B27: Setpoint Class | C27: Logic Class | D27: IP Address (IPADDR)
A28: 11F1 | B28: A | C28: 1 | D28: =IFERROR(VLOOKUP(class_351S[[#This Row],[Relay ID (RID)]],[1]IPs!$C$45:$G$250,5,FALSE),"") -> 172.31.100.84
A29: 11F2 | B29: B | C29: 2 | D29: =IFERROR(VLOOKUP(class_351S[[#This Row],[Relay ID (RID)]],[1]IPs!$C$45:$G$250,5,FALSE),"") -> 172.31.100.85
A30: 11F3 | B30: B | C30: 2 | D30: =IFERROR(VLOOKUP(class_351S[[#This Row],[Relay ID (RID)]],[1]IPs!$C$45:$G$250,5,FALSE),"") -> 172.31.100.86
A31: 11F4 | B31: B | C31: 2 | D31: =IFERROR(VLOOKUP(class_351S[[#This Row],[Relay ID (RID)]],[1]IPs!$C$45:$G$250,5,FALSE),"") -> 172.31.100.87
A32: 11F5 | B32: B | C32: 2 | D32: =IFERROR(VLOOKUP(class_351S[[#This Row],[Relay ID (RID)]],[1]IPs!$C$45:$G$250,5,FALSE),"") -> 172.31.100.88
A33: 11F6 | B33: B | C33: 2 | D33: =IFERROR(VLOOKUP(class_351S[[#This Row],[Relay ID (RID)]],[1]IPs!$C$45:$G$250,5,FALSE),"") -> 172.31.100.89
A36: I/O Summary | D36: Remote Bit Summary
A37: I/O | B37: Description | D37: Element | E37: Description | F37: Behavior
A38: IN101 | B38: 52F Status (a) | D38: OC | E38: 52F SCADA Open | F38: Pulse
A39: IN102 | B39: 52F Status (b) | D39: CC | E39: 52F SCADA Close | F39: Pulse
A40: IN103 | B40: Not Used | D40: RB1 | E40: Target Reset | F40: Pulse
A41: IN104 | B41: Not Used
A42: IN105 | B42: 86BFL1 Status (F1 Only)
A43: IN106 | B43: 86BFL1 Trip Coil Monitor (F1 Only) | D43: Pushbutton Summary
A44: OUT101 | B44: 52F Protection Trip (TC1) | D44: Element | E44: Description | F44: Target LED
A45: OUT102 | B45: 52F SCADA Trip | D45: PB1 | E45: Remote Enable | F45: LED1
A46: OUT103 | B46: 52F SCADA Close | D46: PB2 | E46: Undervoltage Disable | F46: LED2
A47: OUT104 | B47: 86BFL1 Lockout Trip | D47: PB3 | E47: Breaker Failure Disable | F47: LED3
A48: OUT105 | B48: 11F1 Fault Indicator | D48: PB4 | E48: Breaker Failed (push to reset) | F48: LED4
A49: OUT106 | B49: 52F Secondary Trip (TC2) | D49: PB5 | E49: Operator Lock (hold for 3 sec) | F49: LED5
A50: OUT107 | B50: 52F Block Close | D50: PB6 | E50: Trip Coil Failed (push to reset) | F50: LED6
A51: ALARM | B51: Relay Fail Alarm | D51: PB7 | E51: Maintenance Mode Enable | F51: LED7
A52: IN201 | B52: Not Used | D52: PB8 | E52: Not Used | F52: LED8
A53: IN202 | B53: 52F Loss of AC Heater | D53: PB9 | E53: Not Used | F53: LED9
A54: IN203 | B54: 52F Loss of AC Motor | D54: PB10 | E54: Not Used | F54: LED10
A55: IN204 | B55: 52F Spring Alarm
A56: IN205 | B56: 52F Loss of DC Close
A57: IN206 | B57: 52F Loss of DC T1 | D57: Ratios & Nominal Voltages
A58: IN207 | B58: 52F Loss of DC T2 | D58: Element | E58: Value
A59: IN208 | B59: 52F TCM T1 | D59: CT Ratio | E59: 240
A60: IN209 | B60: 52F TCM T2 | D60: PT Ratio | E60: 300
A61: IN210 | B61: 52F 43LR Status #1 | D61: Collector Voltage (kV LL) | E61: 34.5
A62: IN211 | B62: 52F 43LR Status #2 | D62: Relay Nominal Voltage (V-sec LN) | E62: 66.4
A63: IN212 | B63: Spare
A64: IN213 | B64: Not Used
A65: IN214 | B65: 74 DC Close
A66: IN215 | B66: 74 DC T1
A67: IN216 | B67: 74 DC T2
A68: OUT201 | B68: Not Used
A69: OUT202 | B69: Not Used
A70: OUT203 | B70: Not Used
A71: OUT204 | B71: Not Used
A74: Short Circuit Current Magnitudes
A75: Relay | B75: Fault Location | D75: 3PH (A-pri) | F75: SLG/2PH-G 3I0 (A-pri)
B76: Closest Fault | C76: Farthest GSU Fault | D76: Closest Fault | E76: Farthest GSU Fault | F76: Closest Fault | G76: Farthest GSU Fault
A77: 11F1 | B77: Feeder Side MVCB Terminals | C77: T-40 | D77: 19653 | E77: 11437 | F77: 13551 | G77: 6518
A78: 11F2 | B78: Feeder Side MVCB Terminals | C78: T-17 | D78: 19254 | E78: 10820 | F78: 13554 | G78: 6285
A79: 11F3 | B79: Feeder Side MVCB Terminals | C79: T-37 | D79: 19254 | E79: 12004 | F79: 13553 | G79: 7103
A80: 11F4 | B80: Feeder Side MVCB Terminals | C80: T-38 | D80: 19252 | E80: 12926 | F80: 13547 | G80: 8053
A81: 11F5 | B81: Feeder Side MVCB Terminals | C81: T-33 | D81: 19257 | E81: 14069 | F81: 13548 | G81: 9233
A82: 11F6 | B82: Feeder Side MVCB Terminals | C82: AT-01 | D82: 19253 | E82: 12617 | F82: 13547 | G82: 7958
A85: PH OC Settings | C85: Setpoint Class
A86: Level 1 | C86: A | D86: B | E86: C | F86: D | G86: E
A87: Max GSU Inrush | B87: A-pri | C87: 1953 | D87: 2604
A88: Min 3PH Fault | B88: A-pri | C88: 11437 | D88: 10820
A89: Pickup | B89: 50P1P (A-sec) | C89: =ROUNDUP(1.05*C87/$E$59,2) -> 8.55 | D89: =ROUNDUP(1.05*D87/$E$59,2) -> 11.4
A90: Delay | B90: 67P1D (cyc) | C90: 5 | D90: 5
A91: Torque Control | B91: 67P1TC | C91: 1 | D91: 1
A92: Level 2 (Maintenance Mode) | C92: A | D92: B | E92: C | F92: D | G92: E
A93: Max Parasitic Load | B93: KW | C93: 957.06903 | D93: 1037.069
A94: Parasitic Load Current | B94: A-pri | C94: =(C93*1000)/(SQRT(3)*34500) -> 16.01635 | D94: =(D93*1000)/(SQRT(3)*34500) -> 17.355133
A95: Pickup | B95: 50P2P (A-sec) | C95: 0.25 | D95: 0.25
A96: Delay | B96: 67P2D (cyc) | C96: 0 | D96: 0
A97: Torque Control | B97: 67P2TC | C97: LT8 | D97: LT8
A99: PH OC Philosophy
A100: Phase instantaneous settings comply with PRC-025-2. Level 1 is set to 105% of the total GSU inrush and below the lowest 3 phase fault current magnitude. Level 2 (Maintenance Mode) is set above the feeder’s estimated parasitic load. Since all feeders allow for the pickup to be set above the inrush and below the 3ph fault magnitude at the furthest GSU, no harmonic blocking will be implemented. A 5 cycle delay will be added to allow for coordination with downstream protective equipment. Maintenance Mode can only be used if a feeder is energized and there is no Plant activity on the feeder. Tripping setpoint is very low.
A114: PH TOC Settings | C114: Setpoint Class
A115: Level 1 | C115: A | D115: B | E115: C | F115: D | G115: E
A116: Max Feeder Aggegate MVA | B116: MVA | C116: 20.331 | D116: 27.108
A117: HV Voltage | B117: kV-LL | C117: 138 | D117: 138
A118: Max GSU Turns Ratio | C118: 4.4057971 | D118: 4.4057971
A119: PRC-025-2, Op. 11 Loadability | B119: A-pri | C119: =1.3*(1000*C116)/(SQRT(3)*C117/C118) -> 487.17711 | D119: =1.3*(1000*D116)/(SQRT(3)*D117/D118) -> 649.56948
A120: Min 3PH Fault | B120: A-pri | C120: =MIN($E$77) -> 11437 | D120: =MIN($E$78:$E$82) -> 10820
A121: Pickup | B121: 51P1P (A-sec) | C121: =ROUNDUP(C119/$E$59,2) -> 2.03 | D121: =ROUNDUP(D119/$E$59,2) -> 2.71
A122: Curve | B122: 51P1C | C122: U3 | D122: U3
A123: Time Dial | B123: 51P1TD | C123: 1 | D123: 1
A124: Minimum Response | B124: 51P1MR (cyc) | C124: 5 | D124: 5
A125: Torque Control | B125: 51P1TC | C125: 1 | D125: 1
A127: PH TOC Philosophy
A128: Set pickup per PRC-025-2, Option 11. Set curve and time dial to coordinate with downstream protection. Set minimum response time to ensure element does not operate before the instantaneous element. Level 1 TOC element must ride through aggregate GSU inrush. PRC-025-2, Option 11 Setting Criteria: The overcurrent element shall be set greater than 130% of the calculated current derived from the maximum aggregate nameplate MVA output at rated power factor (including the Mvar output of any static or dynamic reactive power devices). For facilities where load tap changers are used, the PRC-025-2, Option 11 calculations shall reflect the tap that results in the lowest generator bus voltage.
A142: GND OC Settings | C142: Setpoint Class
A143: Level 1 | C143: A | D143: B | E143: C | F143: D | G143: E
A144: Max Feeder FLA | B144: A-pri | C144: 340.23502 | D144: 453.6467
A145: 15% Unbalance | B145: A-pri | C145: =0.15*C144 -> 51.035254 | D145: =0.15*D144 -> 68.047005
A146: 80% Min SLG Fault | B146: A-pri | C146: =0.8*MIN($G$77) -> 5214.4 | D146: =0.8*MIN($G$78:$G$82) -> 5028
A147: Pickup | B147: 50G1P (A-sec) | C147: =ROUNDUP(C144/$E$59,2) -> 1.42 | D147: =ROUNDUP(D144/$E$59,2) -> 1.9
A148: Delay | B148: 67G1D (cyc) | C148: 5 | D148: 5
A149: Torque Control | B149: 67G1TC | C149: 1 | D149: 1
A151: GND OC Philosophy
A152: Set pickup above 15% unbalance and below 80% of lowest GSU ground fault magnitude. Use 100% of generation (FLA) as pickup value. To provide the most economical collector cable neutral sizing, no delay will be used. A value of 10 cycles was used to size the neutrals, instantaneous tripping provides for a total trip time of approximately 4-5 cycles with breaker operating time.
A166: GND TOC Settings | C166: Setpoint Class
...

Sheet CAP_487V
A1: SEL-487V Cap Bank Protection Settings & Logic
A7: Relay Specification
A8: Manufacturer | B8: SEL
A9: Model | B9: SEL-487V
A10: Part # | B10: 0487V1X4151XB0X4H5B444X
A11: Function | B11: Cap Bank Protection
A13: Front View | E13: Rear View
A34: Relay Classification
A35: Relay ID (RID) | B35: Setpoint Class | C35: Logic Class | D35: IP Address/CIDR (IPADDR)
A36: 11C1 | B36: A | C36: 2 | D36: 172.31.100.90/24
A39: I/O Summary | D39: Remote Bit Summary
A40: I/O | B40: Description | D40: Element | E40: Description | F40: Behavior
A41: IN101 | B41: 52C1 Status (a) | D41: RB01 | E41: 52C1 Remote Open | F41: Pulse
A42: IN102 | B42: 52C1 Status (b) | D42: RB02 | E42: 52C1 Remote Close | F42: Pulse
A43: IN103 | B43: 86CSW1 TCM | D43: RB03 | E43: CSW1 Auto Open | F43: Pulse
A44: IN104 | B44: 86CSW2 TCM | D44: RB04 | E44: CSW1 Auto Close | F44: Pulse
A45: IN105 | B45: Not Used | D45: RB05 | E45: CSW1 Remote Open | F45: Pulse
A46: IN106 | B46: Not Used | D46: RB06 | E46: CSW1 Remote Close | F46: Pulse
A47: IN107 | B47: Not Used | D47: RB07 | E47: CSW2 Auto Open | F47: Pulse
A48: OUT101 | B48: 52C1 Protection Trip | D48: RB08 | E48: CSW2 Auto Close | F48: Pulse
A49: OUT102 | B49: 52C1 SCADA Trip | D49: RB09 | E49: CSW2 Remote Open | F49: Pulse
A50: OUT103 | B50: 52C1 SCADA Close | D50: RB10 | E50: CSW2 Remote Close | F50: Pulse
A51: OUT104 | B51: 86BFL1 Trip | D51: RB11 | E51: CSW3 Auto Open | F51: Pulse
... A55: OUT108 | B55: Relay Fail Alarm (NC) | D55: RB15 | E55: Target Reset | F55: Pulse
A56: IN201 | B56: 74 DC 52C1 Close
A57: IN202 | B57: 74 DC 52C1 Trip 1
A58: IN203 | B58: 74 DC 52C1 Trip 2 | D58: Pushbutton Summary
A59: IN204 | B59: 52C1 Loss of AC Heater | D59: Element | E59: Description | F59: Target LED
A60: IN205 | B60: 52C1 Loss of AC Motor | D60: PB1 | E60: 52C1 Remote Enable | F60: PB1_LED
A61: IN206 | B61: 52C1 Spring Alarm | D61: PB2 | E61: Undervoltage Disable | F61: PB2_LED
A62: IN207 | B62: 52C1 Loss of DC Close | D62: PB3 | E62: Breaker Failure Disable | F62: PB3_LED
A63: IN208 | B63: 52C1 Loss of DC Trip 1 | D63: PB4 | E63: Breaker Failed (push to reset) | F63: PB4_LED
A64: IN209 | B64: 52C1 Loss of DC Trip 2 | D64: PB5 | E64: Trip Coil Failed (push to reset) | F64: PB5_LED
A65: IN210 | B65: 52C1 Trip 1 TCM | D65: PB6 | E65: Operator Lock (hold to disable) | F65: PB6_LED
A66: IN211 | B66: 52C1 Trip 2 TCM | D66: PB7 | E66: CAP Unbalance Alarm (push to reset) | F66: PB7_LED
A67: IN212 | B67: 52C1 43L/R Indication | D67: PB8 | E67: Auto Control Enable | F67: PB8_LED
A68: IN213 | B68: 74 DC CSW1 Close Circuit | D68: PB9 | E68: CSW1 Auto/Remote Enable | F68: PB9_LED
A69: IN214 | B69: 74 DC CSW1 Trip Circuit | D69: PB10 | E69: CSW2 Auto/Remote Enable | F69: PB10_LED
A70: IN215 | B70: 86CSW1 Status | D70: PB11 | E70: Not Used | F70: PB11_LED
A71: IN216 | B71: CSW1 Status (a) | D71: PB12 | E71: Not Used | F71: PB12_LED
A72: IN217 | B72: CSW1 Status (b)
A73: IN218 | B73: CSW1 Loss of AC
A74: IN219 | B74: CSW1 Loss of DC
A75: IN220 | B75: CSW1 Low SF6 Alarm
A76: IN221 | B76: CSW1 Low SF6 Lockout
A77: IN222 | B77: CSW1 Spring Alarm
A78: IN223 | B78: CSW1 43L/R Indication
A79: IN224 | B79: CSW1 TCM
A80: OUT201 | B80: 86CSW1 Trip
A81: OUT202 | B81: CSW1 Trip
A82: OUT203 | B82: CSW1 Close
A83: OUT204 | B83: CSW1 Block Close
... A115: OUT308 | B115: Not Used
A118: Ratios & Cap Ratings | C118: Setpoint Class
A119: Terminal | B119: Element | C119: A | D119: B | E119: C | F119: D | G119: E
A120: W | B120: CTRW | C120: 240
B121: MV Voltage (kV-LL) | C121: 34.5
A122: Y | B122: PTRY | C122: 300
A123: Y | B123: VNOMY (V-sec, LL) | C123: =C121*1000/(C122) -> 115
B124: CAP Neutral Voltage
A125: Z | B125: PTRZ1 | C125: 175
A126: Z | B126: PTRZ2
A127: Z | B127: PTRZ3
B128: CAP Ratings (Mvar)
B129: Stage 1 | C129: 11
B130: Stage 2 | C130: 11
A133: Short Circuit Current Magnitudes
A134: Relay | B134: Fault Location | C134: 3PH (A-pri) | D134: SLG/2PH-G 3I0 (A-pri)
A135: 11C1 | B135: CAP BUS 1 | C135: 20937.013 | D135: 12399.137
A138: Cap Bank Unbalance Voltages
A139: Faulty Units | B139: 0 | C139: 1 | D139: 2 | E139: 3
A140: Primary Neutral-Gnd Voltage | B140: 0 | C140: 686.85 | D140: 1422.76 | E140: 2213.18
A141: Secondary Neutral-Gnd Voltage | B141: 0 | C141: 3.92 | D141: 8.13 | E141: 12.65
A142: Primary Manufacturer Recommended Setpoint | B142: 0
A143: Secondary Manufacturer Recommended Setpoint | B143: 0
A144: Voltage on Affected Phase | B144: 19920 | C144: 20607 | D144: 21343 | E144: 22133
A147: Ground Diff Voltage Settings | C147: Setpoint Class
A148: Stage 1 Unbalance Alarm (80% of 1-Unit Fault Unbalance) | C148: A | D148: B | E148: C | F148: D | G148: E
A149: Pickup | B149: 87AG1P (V-sec) | C149: 3.14
A150: Delay | B150: 87AG1PU (cyc) | C150: 5
A151: Stage 1 Level 1 Unbalance (80% of 2-Unit Fault Unbalance)
A152: Pickup | B152: 87TG1P (V-sec) | C152: 6.5
A153: Delay | B153: 87TG1PU (cyc) | C153: 1
A154: Stage 1 Level 2 Unbalance (80% of 3-Unit Fault Unbalance)
A155: Pickup | B155: 87HG1P (V-sec) | C155: 10.12
A156: Delay | B156: 87HG1PU (cyc) | C156: 0.17
A157: Stage 2 Unbalance Alarm (80% of 1-Unit Fault Unbalance)
A158: Pickup | B158: 87AG2P (V-sec) | C158: 3.14
A159: Delay | B159: 87AG2PU (cyc) | C159: 5
A160: Stage 2 Level 1 Unbalance (80% of 2-Unit Fault Unbalance)
A161: Pickup | B161: 87TG2P (V-sec) | C161: 6.5
A162: Delay | B162: 87TG2PU (cyc) | C162: 1
A163: Stage 2 Level 2 Unbalance (80% of 3-Unit Fault Unbalance)
A164: Pickup | B164: 87HG2P (V-sec) | C164: 10.12
A165: Delay | B165: 87HG2PU (cyc) | C165: 0.17
A168: Instantaneous PH OC Settings | C168: Setpoint Class
A169: Level 1 | C169: A | D169: B | E169: C | F169: D | G169: E
A170: Cap Bank FLA | B170: A-pri | C170: =SUM(C129:C130)*1000/(SQRT(3)*C121) -> 368.16539 | D170: =IFERROR(SUM(D129:D130)*1000/(SQRT(3)*D121),"") | E170: =IFERROR(SUM(E129:E130)*1000/(SQRT(3)*E121),"")
A171: Min 3PH Fault | B171: A-pri | C171: =$C$135 -> 20937.013
A172: Pickup | B172: 50WP1P (A-sec) | C172: =ROUND(4*C170/C120,2) -> 6.14 | D172: =IFERROR(4*D170/D120,"") | E172: =IFERROR(4*E170/E120,"")
...

Sheet BUS_587Z
A1: SEL-587Z Bus Protection Settings & Logic
A7: Relay Specification
A8: Manufacturer | B8: SEL
A9: Model | B9: SEL-587Z
A10: Part # | B10: 0587Z0X325H12XX
A11: Function | B11: Bus Protection
A13: Front View | E13: Rear View
A26: Relay Classification
A27: Relay ID (RID) | B27: Setpoint Class | C27: Logic Class
A28: 87B | B28: A | C28: 1
A33: I/O Summary
A34: I/O | B34: Description
A35: IN1 | B35: 86B Trip Coil Monitor
A36: IN2 | B36: 86B Status
A37: OUT1 | B37: 86B Lockout Trip
A38: OUT2 | B38: Spare
A39: OUT3 | B39: Not Used
A40: OUT4 | B40: 87B Fault Indicator
A41: ALARM | B41: Relay Fail Alarm
A44: Ratios | C44: Setpoint Class
B45: Element | C45: A | D45: B | E45: C | F45: D | G45: E
B46: CTR | C46: 600
A49: Short Circuit Current Values
A50: Relay | B50: Setpoint Class | C50: Fault Location | D50: 3 PH (A-pri) | E50: SLG (A-pri)
A51: 87B | B51: A | C51: 34.5kV MV1 | D51: 30123 | E51: 17777
A52: 87B2 | B52: B | C52: 34.5kV MV2 | D52: 18763 | E52: 14019
A53: 87B3 | B53: C | C53: 34.5kV MV3 | D53: 30865 | E53: 17850
A56: Diff Voltage Pickup Calculations
A57: Relay | B57: Fault Type | C57: N | D57: Rct | E57: Lead Length | F57: Rlead | G57: If | H57: P | I57: Vr | J57: Vs
A58: 87B | B58: 3Θ | C58: 800 | D58: 1.19 | E58: 510 | F58: 0.612 | G58: 30123 | H58: 1 | I58: =diff_V_587Z[[#This Row],[If]]/diff_V_587Z[[#This Row],[N]]*(diff_V_587Z[[#This Row],[Rct]]+diff_V_587Z[[#This Row],[P]]*diff_V_587Z[[#This Row],[Rlead]]) -> 67.852058 | J58: =1.25*diff_V_587Z[[#This Row],[Vr]] -> 84.815072
A59: 87B | B59: SLG | C59: 800 | D59: 1.19 | E59: 510 | F59: 0.612 | G59: 17777 | H59: 2 | I59: =diff_V_587Z[[#This Row],[If]]/diff_V_587Z[[#This Row],[N]]*(diff_V_587Z[[#This Row],[Rct]]+diff_V_587Z[[#This Row],[P]]*diff_V_587Z[[#This Row],[Rlead]]) -> 53.642097 | J59: =1.25*diff_V_587Z[[#This Row],[Vr]] -> 67.052622
A60: 87B2 | B60: 3Θ | C60: 600 | D60: 0.79 | E60: 913 | F60: 1.096 | G60: 18763 | H60: 1 | I60: =diff_V_587Z[[#This Row],[If]]/diff_V_587Z[[#This Row],[N]]*(diff_V_587Z[[#This Row],[Rct]]+diff_V_587Z[[#This Row],[P]]*diff_V_587Z[[#This Row],[Rlead]]) -> 58.978363 | J60: =1.25*diff_V_587Z[[#This Row],[Vr]] -> 73.722954
A61: 87B2 | B61: SLG | C61: 600 | D61: 0.79 | E61: 913 | F61: 1.096 | G61: 14019 | H61: 2 | I61: =diff_V_587Z[[#This Row],[If]]/diff_V_587Z[[#This Row],[N]]*(diff_V_587Z[[#This Row],[Rct]]+diff_V_587Z[[#This Row],[P]]*diff_V_587Z[[#This Row],[Rlead]]) -> 69.67443 | J61: =1.25*diff_V_587Z[[#This Row],[Vr]] -> 87.093038
A62: 87B3 | B62: 3Θ | C62: 800 | D62: 1.19 | E62: 1052 | F62: 1.262 | G62: 30865 | H62: 1 | I62: =diff_V_587Z[[#This Row],[If]]/diff_V_587Z[[#This Row],[N]]*(diff_V_587Z[[#This Row],[Rct]]+diff_V_587Z[[#This Row],[P]]*diff_V_587Z[[#This Row],[Rlead]]) -> 94.601225 | J62: =1.25*diff_V_587Z[[#This Row],[Vr]] -> 118.25153
A63: 87B3 | B63: SLG | C63: 800 | D63: 1.19 | E63: 1052 | F63: 1.262 | G63: 17850 | H63: 2 | I63: =diff_V_587Z[[#This Row],[If]]/diff_V_587Z[[#This Row],[N]]*(diff_V_587Z[[#This Row],[Rct]]+diff_V_587Z[[#This Row],[P]]*diff_V_587Z[[#This Row],[Rlead]]) -> 82.868625 | J63: =1.25*diff_V_587Z[[#This Row],[Vr]] -> 103.58578
A65: Diff Voltage Calc Philosophy
A66: N = CT ratio Rct = max CT internal resistance Rlead = max CT lead resistance Resistance of #10 AWG = 1.2Ω/1000ft If = Maximum external fault current (max fault at feeders) P = Lead length factor = 1 for three phase faults | 2 for single phase faults Vr = Voltage across high-impedance differential element Vr = (If/N)∗(Rct +P∗Rlead)
A80: 87B Differential Settings | C80: Setpoint Class
A81: Level 1 | C81: A | D81: B | E81: C | F81: D | G81: E
A82: Pickup, A Phase | B82: 87A1P (V-sec) | C82: 200
A83: Pickup, B Phase | B83: 87B1P (V-sec) | C83: 200
A84: Pickup, C Phase | B84: 87C1P (V-sec) | C84: 200
A85: Delay | B85: SV5PU (cyc) | C85: 1.125
A86: Level 2 (Open CT Detector) | C86: A | D86: B | E86: C | F86: D | G86: E
A87: Pickup, A Phase | B87: 87A2P (V-sec) | C87: 20
A88: Pickup, B Phase | B88: 87B2P (V-sec) | C88: 20
A89: Pickup, C Phase | B89: 87C2P (V-sec) | C89: 20
A90: Delay | B90: SV8DO (cyc) | C90: 1.125
A92: 87B Differential Philosophy
A93: Level 1 will be used for tripping. 200 V is the minimum setting recommended by the manufacturer. The voltage differential pickup threshold (Vs) is proportional to Vr. A safety factor of 1.25 will be used. Select the highest voltage differential pickup threshold associated with each relay for the Level 1 pickup. If the calculated threshold is below the minimum, use the minimum setting. Vs < 200 V Set 87x1P = 200 V Surge arresters in the differential zone necessitate delayed tripping. Delay = arrester conducting time + 0.75 cycle filter decay + 0.25 cycle margin Assumed arrester conducting time = 0.125 cycles Delay = 1.125 cycles Level 2 is used for open CT detection alarming. 87x2P = min pickup = 20 V Surge arresters in the differential zone necessitate delayed tripping. Delay = arrester conducting time + 0.75 cycle filter decay + 0.25 cycle margin Assumed arrester conducting time = 0.125 cycles Delay = 1.125 cycles
A114: Minimum Operating Current Calculations
A115: Relay | B115: n | C115: Ie (mA) | D115: Ir (mA) | E115: Im | F115: N | G115: Imin (A)
A116: 87HBA/B | B116: 4 | C116: 30 | D116: 100 | E116: 0 | F116: 600 | G116: =(min_op_C_587Z[[#This Row],[Column3]]*min_op_C_587Z[[#This Row],[Column4]]/1000 + min_op_C_587Z[[#This Row],[Column5]]/1000+min_op_C_587Z[[#This Row],[Column6]])*min_op_C_587Z[[#This Row],[Column7]] -> 132
A117: 87B | B117: 12 | C117: 8 | D117: 100 | E117: 0 | F117: 800 | G117: =(min_op_C_587Z[[#This Row],[Column3]]*min_op_C_587Z[[#This Row],[Column4]]/1000 + min_op_C_587Z[[#This Row],[Column5]]/1000+min_op_C_587Z[[#This Row],[Column6]])*min_op_C_587Z[[#This Row],[Column7]] -> 156.8
A118: 87B2 | B118: 6 | C118: 9 | D118: 100 | E118: 0 | F118: 600 | G118: =(min_op_C_587Z[[#This Row],[Column3]]*min_op_C_587Z[[#This Row],[Column4]]/1000 + min_op_C_587Z[[#This Row],[Column5]]/1000+min_op_C_587Z[[#This Row],[Column6]])*min_op_C_587Z[[#This Row],[Column7]] -> 92.4
A119: 87B3 | B119: 13 | C119: 8 | D119: 100 | E119: 0 | F119: 800 | G119: =(min_op_C_587Z[[#This Row],[Column3]]*min_op_C_587Z[[#This Row],[Column4]]/1000 + min_op_C_587Z[[#This Row],[Column5]]/1000+min_op_C_587Z[[#This Row],[Column6]])*min_op_C_587Z[[#This Row],[Column7]] -> 163.2
A121: Minimum Operating Current Calculations Philosophy
A122: The minimum primary current required to operate the differential elements is used to gauge the sensitivity of the bus protection and provides the following application-specific information: Provides an indication of the load current below which the open CT detection logic will work. Above this load current, the relay will trip for an open CT. Defines the peak load current that a tapped load such as an auxiliary transformer can draw inside the bus differential zone. Defines the maximum primary current that will not cause a bus differential relay operation for a secondary fault on an auxiliary transformer or PT connection inside the bus differential zone. Imin = (n*Ie + Ir + Im)*N Imin = minimum current n = number of current transformers in parallel with the relay, per phase Ie = current transformer exciting current at relay setting voltage (Vs) Assume 10 mA if curve unavailable Ir = current through the relay at relay setting voltage (Vs) Ir = Vs/2000 Im = current through the MOV at relay setting voltage (Vs) ~0 for applications with Vs below 1000 V
A142: PH OC Settings | C142: Setpoint Class
A143: Level 1 | C143: A | D143: B | E143: C | F143: D | G143: E
A144: Pickup, A Phase | B144: 50A1P (A-sec) | C144: 2.5
A145: Pickup, B Phase | B145: 50B1P (A-sec) | C145: 2.5
A146: Pickup, C Phase | B146: 50C1P (A-sec) | C146: 2.5
A147: Delay | B147: SV7PU (cyc) | C147: 1.625
A148: Level 2 (Current Detector) | C148: A | D148: B | E148: C | F148: D | G148: E
A149: FLA | B149: A-pri | C149: 441.63196
A150: Pickup, A Phase | B150: 50A2P (A-sec) | C150: {=ROUND(C149/ratios_587Z[[#All],[Column3]],1)} -> 0.7
A151: Pickup, B Phase | B151: 50B2P (A-sec) | C151: =C150 -> 0.7
A152: Pickup, C Phase | B152: 50C2P (A-sec) | C152: =C151 -> 0.7
A153: Delay | B153: SV8DO (cyc) | C153: 3600
A155: OC Elements Philosophy
A156: Level 1 serves as an MOV degradation and backup protection element. The pickup and delay are set per manufacturer recommendation considering the presence of surge arrestors within the zone of protection. 50x1P (SV7) = 2.5 A Delay = arrestor conducting time + cycle filter decay + margin Delay = 0.125 + 1.25 + 0.25 = 1.625 cycles Level 2 serves as a current detector for MOV failure and will be set to the full load amps of the main power transformer. 50x2P (SV8) = FLA/CT ratio Dropout Delay = 3600 cycles
A170: Settings Table
A171: Setting | B171: Value | C171: Description | D171: Category | E171: Function | F171: Setpoint Class | G171: Logic Class | H171: Float | I171: QuickSet Group | J171: SER
A172: TID | B172: =Reference!B16 -> GRVR HL WND | C172: Terminal Identifier | D172: Device | E172: General | H172: FALSE | J172: FALSE
A173: NFREQ | B173: 60 | C173: Nominal Frequency (Hz) | D173: Device | E173: General | H173: FALSE | J173: FALSE
A174: PHROT | B174: ABC | C174: Phase Rotation | D174: Device | E174: General | H174: FALSE | J174: FALSE
A175: CTR | B175: {=ratios_587Z[[#All],[Column3]]} -> 600 | C175: Phase CT Ratio (IA, IB, IC) | D175: Device | E175: Ratio | F175: A | H175: FALSE | J175: FALSE
A176: CTR | B176: {=ratios_587Z[[#All],[Column4]]} -> 0 | C176: Phase CT Ratio (IA, IB, IC) | D176: Device | E176: Ratio | F176: B | H176: FALSE | J176: FALSE
A177: CTR | B177: {=ratios_587Z[[#All],[Column5]]} -> 0 | C177: Phase CT Ratio (IA, IB, IC) | D177: Device | E177: Ratio | F177: C | H177: FALSE | J177: FALSE
A178: 87A1P | B178: =C82 -> 200 | C178: Level 1 87B Pickup (V-sec) | D178: Protection Setpoints | E178: Differential | F178: A | H178: FALSE | J178: FALSE
A179: 87A1P | B179: =D82 -> 0 | C179: Level 1 87B Pickup (V-sec) | D179: Protection Setpoints | E179: Differential | F179: B | H179: FALSE | J179: FALSE
A180: 87A1P | B180: =E82 -> 0 | C180: Level 1 87B Pickup (V-sec) | D180: Protection Setpoints | E180: Differential | F180: C | H180: FALSE | J180: FALSE
A181: 87B1P | B181: =C83 -> 200 | C181: Level 1 87B Pickup (V-sec) | D181: Protection Setpoints | E181: Differential | F181: A | H181: FALSE | J181: FALSE
A182: 87B1P | B182: =D83 -> 0 | C182: Level 1 87B Pickup (V-sec) | D182: Protection Setpoints | E182: Differential | F182: B | H182: FALSE | J182: FALSE
A183: 87B1P | B183: =E83 -> 0 | C183: Level 1 87B Pickup (V-sec) | D183: Protection Setpoints | E183: Differential | F183: C | H183: FALSE | J183: FALSE
A184: 87C1P | B184: =C84 -> 200 | C184: Level 1 87B Pickup (V-sec) | D184: Protection Setpoints | E184: Differential | F184: A | H184: FALSE | J184: FALSE
A185: 87C1P | B185: =D84 -> 0 | C185: Level 1 87B Pickup (V-sec) | D185: Protection Setpoints | E185: Differential | F185: B | H185: FALSE | J185: FALSE
A186: 87C1P | B186: =E84 -> 0 | C186: Level 1 87B Pickup (V-sec) | D186: Protection Setpoints | E186: Differential | F186: C | H186: FALSE | J186: FALSE
A187: 87A2P | B187: =C87 -> 20 | C187: Level 2 87B Pickup (V-sec) | D187: Protection Setpoints | E187: Differential | F187: A | H187: FALSE | J187: FALSE
A188: 87A2P | B188: =D87 -> 0 | C188: Level 2 87B Pickup (V-sec) | D188: Protection Setpoints | E188: Differential | F188: B | H188: FALSE | J188: FALSE
A189: 87A2P | B189: =E87 -> 0 | C189: Level 2 87B Pickup (V-sec) | D189: Protection Setpoints | E189: Differential | F189: C | H189: FALSE | J189: FALSE
A190: 87B2P | B190: =C88 -> 20 | C190: Level 2 87B Pickup (V-sec) | D190: Protection Setpoints | E190: Differential | F190: A | H190: FALSE | J190: FALSE
A191: 87B2P | B191: =D88 -> 0 | C191: Level 2 87B Pickup (V-sec) | D191: Protection Setpoints | E191: Differential | F191: B | H191: FALSE | J191: FALSE
A192: 87B2P | B192: =E88 -> 0 | C192: Level 2 87B Pickup (V-sec) | D192: Protection Setpoints | E192: Differential | F192: C | H192: FALSE | J192: FALSE
A193: 87C2P | B193: =C89 -> 20 | C193: Level 2 87B Pickup (V-sec) | D193: Protection Setpoints | E193: Differential | F193: A | H193: FALSE | J193: FALSE
A194: 87C2P | B194: =D89 -> 0 | C194: Level 2 87B Pickup (V-sec) | D194: Protection Setpoints | E194: Differential | F194: B | H194: FALSE | J194: FALSE
A195: 87C2P | B195: =E89 -> 0 | C195: Level 2 87B Pickup (V-sec) | D195: Protection Setpoints | E195: Differential | F195: C | H195: FALSE | J195: FALSE
A196: 50A1P | B196: =C144 -> 2.5 | C196: Level 1 PH OC Pickup (A-sec) | D196: Protection Setpoints | E196: Overcurrent | F196: A | H196: TRUE | J196: FALSE
A197: 50A1P | B197: =D144 -> 0 | C197: Level 1 PH OC Pickup (A-sec) | D197: Protection Setpoints | E197: Overcurrent | F197: B | H197: TRUE | J197: FALSE
...

Sheet MTR_735
A1: SEL-735 Meter Settings & Logic
A7: Relay Specification
A8: Manufacturer | B8: SEL
A9: Model | B9: SEL-735
A10: Part # | B10: 0735BX20944CFXB4XX16101XX
A11: Function | B11: Metering
A13: Front View | C13: Side View | E13: Rear View
A34: Relay Classification
A35: Meter ID (MID) | B35: Setpoint Class | C35: Logic Class | D35: IP Address (IPADDR)
A36: REVMTR1 | B36: A | C36: 1 | D36: =IFERROR(VLOOKUP(class_735[[#This Row],[Meter ID (MID)]],[1]IPs!$C$45:$G$250,5,FALSE),"") -> 172.31.100.175
A37: MTR1 | B37: A | C37: 1 | D37: =IFERROR(VLOOKUP(class_735[[#This Row],[Meter ID (MID)]],[1]IPs!$C$45:$G$250,5,FALSE),"") -> 172.31.100.176
A38: MTR2 | B38: B | C38: 1 | D38: =IFERROR(VLOOKUP(class_735[[#This Row],[Meter ID (MID)]],[1]IPs!$C$45:$G$250,5,FALSE),"") -> 172.31.100.177
D39: =IFERROR(VLOOKUP(class_735[[#This Row],[Meter ID (MID)]],[1]IPs!$C$45:$G$250,5,FALSE),"")
A42: I/O Summary
A43: I/O | B43: Description
A44: OUT103 | B44: Meter Alarm to DPAC
A47: Settings Table
A48: Setting | B48: Value | C48: Description | D48: Category | E48: Function | F48: Setpoint Class | G48: Logic Class | H48: Float | I48: QuickSet Group | J48: SER
A49: TID | B49: =Reference!B16 -> GRVR HL WND | C49: Terminal Identifier | D49: Identifier and Scaling | E49: General | H49: FALSE | J49: FALSE
A50: CTR | B50: 40 | C50: CT Ratio | D50: Identifier and Scaling | E50: Ratio | F50: A | H50: FALSE | J50: FALSE
A51: CTR | B51: 500 | C51: CT Ratio | D51: Identifier and Scaling | E51: Ratio | F51: B | H51: FALSE | J51: FALSE
A52: CTR | B52: 240 | C52: CT Ratio | D52: Identifier and Scaling | E52: Ratio | F52: C | H52: FALSE | J52: FALSE
A53: CTR | B53: 240 | C53: CT Ratio | D53: Identifier and Scaling | E53: Ratio | F53: D | H53: FALSE | J53: FALSE
A54: PTR | B54: 700 | C54: PT Ratio | D54: Identifier and Scaling | E54: Ratio | F54: A | H54: FALSE | J54: FALSE
A55: PTR | B55: 175 | C55: PT Ratio | D55: Identifier and Scaling | E55: Ratio | F55: B | H55: FALSE | J55: FALSE
A56: PTR | B56: 175 | C56: PT Ratio | D56: Identifier and Scaling | E56: Ratio | F56: C | H56: FALSE | J56: FALSE
A57: PTR | B57: 175 | C57: PT Ratio | D57: Identifier and Scaling | E57: Ratio | F57: D | H57: FALSE | J57: FALSE
A58: VOLT_SCA | B58: KILO | C58: Voltage Scaling | D58: Identifier and Scaling | E58: General | H58: FALSE | J58: FALSE
A59: POWR_SCA | B59: MEGA | C59: Power and Demand Scaling | D59: Identifier and Scaling | E59: General | H59: FALSE | J59: FALSE
A60: ENRG_SCA | B60: MEGA | C60: Energy Scaling | D60: Identifier and Scaling | E60: General | H60: FALSE | J60: FALSE
A61: UTC_OFF | B61: =Reference!B18 -> -5 | C61: UTC Offset to Local Time | D61: Global | E61: Time | H61: TRUE | J61: FALSE
A62: SRATE | B62: 128 | C62: Waveform Capture Sample Rate (Samples per Cycle) | D62: Events & Logging | E62: Event | H62: FALSE | J62: FALSE
A63: LER | B63: 120 | C63: Event Length (cycles) | D63: Events & Logging | E63: Event | H63: FALSE | J63: FALSE
A64: PRE | B64: 15 | C64: Prefault Length (cycles) | D64: Events & Logging | E64: Event | H64: FALSE | J64: FALSE
A65: EPORT | B65: Y | C65: Enable Port | D65: Communications | E65: Port F | H65: FALSE | I65: PF | J65: FALSE
A66: PROTO | B66: SEL | C66: Port Protocol | D66: Communications | E66: Port F | H66: FALSE | I66: PF | J66: FALSE
A67: SPEED | B67: 19200 | C67: Baud Rate | D67: Communications | E67: Port F | H67: FALSE | I67: PF | J67: FALSE
A68: EPORT | B68: Y | C68: Enable Port | D68: Communications | E68: Port 1 | H68: FALSE | I68: P1 | J68: FALSE
A69: ETELNET | B69: Y | C69: Enable Telnet | D69: Communications | E69: Port 1 | H69: FALSE | I69: P1 | J69: FALSE
A70: EMODBUS | B70: N | C70: Enable Modbus | D70: Communications | E70: Port 1 | H70: FALSE | I70: P1 | J70: FALSE
A71: EFTPSERV | B71: N | C71: Enable FTP | D71: Communications | E71: Port 1 | H71: FALSE | I71: P1 | J71: FALSE
A72: EDNP | B72: 2 | C72: Enable DNP | D72: Communications | E72: Port 1 | H72: FALSE | I72: P1 | J72: FALSE
A73: EPMIP | B73: 0 | C73: Enable PMU | D73: Communications | E73: Port 1 | H73: FALSE | I73: P1 | J73: FALSE
A74: TPORT | B74: 23 | C74: Telnet Port | D74: Communications | E74: Port 1 | H74: FALSE | I74: P1 | J74: FALSE
A75: SUBNETM | B75: =Reference!B20 -> 255.255.255.0 | C75: Subnet Mask | D75: Communications | E75: Port 1 | H75: FALSE | I75: P1 | J75: FALSE
A76: DEFRTR | B76: =Reference!B19 -> 172.31.100.254 | C76: Default Router Gateway | D76: Communications | E76: Port 1 | H76: FALSE | I76: P1 | J76: FALSE
A77: DNPNUM | B77: 20000 | C77: DNP TCP Port | D77: Communications | E77: Port 1 | H77: FALSE | I77: P1 | J77: FALSE
A78: DNPADR | B78: 1 | C78: DNP Address | D78: Communications | E78: Port 1 | H78: FALSE | I78: P1 | J78: FALSE
A79: DNPMAP | B79: 1 | C79: DNP Session Map | D79: Communications | E79: Port 1 | H79: FALSE | I79: P1 | J79: FALSE
A80: DNPIP | B80: =Reference!$B$21 -> 172.31.100.241 | C80: DNP Master IP Address | D80: Communications | E80: Port 1 | H80: FALSE | I80: P1 | J80: FALSE
A81: REPADR | B81: 0 | C81: DNP Master IP Address | D81: Communications | E81: Port 1 | H81: FALSE | I81: P1 | J81: FALSE
A82: DECPLA | B82: 0 | C82: Amps Scaling | D82: Communications | E82: Port 1 | H82: FALSE | I82: P1 | J82: FALSE
A83: DECPLV | B83: 0 | C83: Voltages Scaling | D83: Communications | E83: Port 1 | H83: FALSE | I83: P1 | J83: FALSE
A84: DECPLM | B84: 0 | C84: Misc. Data Scaling | D84: Communications | E84: Port 1 | H84: FALSE | I84: P1 | J84: FALSE
A85: DECPLE | B85: 0 | C85: Energy Data Scaling | D85: Communications | E85: Port 1 | H85: FALSE | I85: P1 | J85: FALSE
A86: ANADBA | B86: 0 | C86: Deadband Amps | D86: Communications | E86: Port 1 | H86: FALSE | I86: P1 | J86: FALSE
A87: ANADBV | B87: 0 | C87: Deadband Volts | D87: Communications | E87: Port 1 | H87: FALSE | I87: P1 | J87: FALSE
A88: ANADBM | B88: 0 | C88: Deadband Misc | D88: Communications | E88: Port 1 | H88: FALSE | I88: P1 | J88: FALSE
A89: DNPMAP2 | B89: 1 | C89: DNP Session Map | D89: Communications | E89: Port 1 | H89: FALSE | I89: P1 | J89: FALSE
A90: DNPIP2 | B90: =Reference!$B$22 -> 172.31.100.243 | C90: DNP Master IP Address | D90: Communications | E90: Port 1 | H90: FALSE | I90: P1 | J90: FALSE
A91: REPADR2 | B91: 0 | C91: DNP Master IP Address | D91: Communications | E91: Port 1 | H91: FALSE | I91: P1 | J91: FALSE
A92: DECPLA2 | B92: 0 | C92: Amps Scaling | D92: Communications | E92: Port 1 | H92: FALSE | I92: P1 | J92: FALSE
A93: DECPLV2 | B93: 0 | C93: Voltages Scaling | D93: Communications | E93: Port 1 | H93: FALSE | I93: P1 | J93: FALSE
A94: DECPLM2 | B94: 0 | C94: Misc. Data Scaling | D94: Communications | E94: Port 1 | H94: FALSE | I94: P1 | J94: FALSE
A95: DECPLE2 | B95: 0 | C95: Energy Data Scaling | D95: Communications | E95: Port 1 | H95: FALSE | I95: P1 | J95: FALSE
A96: ANADBA2 | B96: 0 | C96: Deadband Amps | D96: Communications | E96: Port 1 | H96: FALSE | I96: P1 | J96: FALSE
A97: ANADBV2 | B97: 0 | C97: Deadband Volts | D97: Communications | E97: Port 1 | H97: FALSE | I97: P1 | J97: FALSE
A98: ANADBM2 | B98: 0 | C98: Deadband Misc | D98: Communications | E98: Port 1 | H98: FALSE | I98: P1 | J98: FALSE
A99: EPORT | B99: N | C99: Enable Port 2 | D99: Communications | E99: Port 2 | H99: FALSE | I99: P2 | J99: FALSE
A100: EPORT | B100: N | C100: Enable Port 3 | D100: Communications | E100: Port 3 | H100: FALSE | I100: P3 | J100: FALSE
A101: EPORT | B101: N | C101: Enable Port 4 | D101: Communications | E101: Port 4 | H101: FALSE | I101: P4 | J101: FALSE
A102: BI_MAP1 | B102: 0 2 3 4 5 6 7 1600 1601 1602 | C102: Binary Input Map | D102: Communications | E102: DNP | H102: FALSE | I102: D | J102: FALSE
A103: AI_MAP1 | B103: 1 2 3 4 5 6 7 8 9 10 11 12 13 14 15 16 17 18 19 20 21 22 200 3000 | C103: Analog Input Map | D103: Communications | E103: DNP | H103: FALSE | I103: D | J103: FALSE
A104: CO_MAP1 | B104: 1 2 3 4 5 6 7 8 9 10 11 12 13 14 15 16 17 18 19 20 21 22 23 24 25 26 27 28 | C104: Counter Map | D104: Communications | E104: DNP | H104: FALSE | I104: D | J104: FALSE

Sheet DPAC_2440
A1: SEL-2440 DPAC Settings & Logic
A7: Relay Specification
A8: Manufacturer | B8: SEL
A9: Model | B9: SEL-2440
A10: Part # | B10: 24402H11A1A11630
A11: Function | B11: DPAC
A13: Front View | E13: Rear View
A23: Relay Classification
A24: Device ID (DID) | B24: Setpoint Class | C24: Logic Class | D24: IP Address (IPADDR)
A25: DPAC1 | B25: A | C25: 1 | D25: =IFERROR(VLOOKUP(class_2440[[#This Row],[Device ID (DID)]],[1]IPs!$C$45:$G$250,5,FALSE),"") -> 172.31.100.120
A26: DPAC2 | B26: A | C26: 2 | D26: =IFERROR(VLOOKUP(class_2440[[#This Row],[Device ID (DID)]],[1]IPs!$C$45:$G$250,5,FALSE),"") -> 172.31.100.121
A29: I/O Summary
A30: I/O | B30: Description
A31: See project schematics.
A34: Settings Table
A35: Setting | B35: Value | C35: Description | D35: Category | E35: Function | F35: Setpoint Class | G35: Logic Class | H35: Float | I35: QuickSet Group | J35: SER
A36: TID | B36: =Reference!B16 -> GRVR HL WND | C36: Terminal ID | D36: General | E36: Device | H36: FALSE | J36: FALSE
A37: OUT101 | B37: SV01T | C37: Not Used | D37: Outputs | E37: Output | H37: FALSE | J37: FALSE
A38: OUT102 | B38: SV02T | C38: Not Used | D38: Outputs | E38: Output | H38: FALSE | J38: FALSE
A39: OUT103 | B39: SV03T | C39: Not Used | D39: Outputs | E39: Output | H39: FALSE | J39: FALSE
A40: OUT104 | B40: SV04T | C40: Not Used | D40: Outputs | E40: Output | H40: FALSE | J40: FALSE
A41: OUT105 | B41: SV05T | C41: Not Used | D41: Outputs | E41: Output | H41: FALSE | J41: FALSE
A42: OUT106 | B42: SV06T | C42: Not Used | D42: Outputs | E42: Output | H42: FALSE | J42: FALSE
A43: OUT107 | B43: SV07T | C43: Not Used | D43: Outputs | E43: Output | H43: FALSE | J43: FALSE
A44: OUT108 | B44: SV08T | C44: Not Used | D44: Outputs | E44: Output | H44: FALSE | J44: FALSE
A45: OUT109 | B45: SV09T | C45: Not Used | D45: Outputs | E45: Output | H45: FALSE | J45: FALSE
A46: OUT110 | B46: SV10T | C46: Not Used | D46: Outputs | E46: Output | H46: FALSE | J46: FALSE
A47: OUT111 | B47: SV11T | C47: Not Used | D47: Outputs | E47: Output | H47: FALSE | J47: FALSE
A48: OUT112 | B48: SV12T | C48: Not Used | D48: Outputs | E48: Output | H48: FALSE | J48: FALSE
... A52: OUT116 | B52: SV16T | C52: Not Used | D52: Outputs | E52: Output | H52: FALSE | J52: FALSE
A53: EPORT | B53: Y | C53: Port Protocol | D53: Communications | E53: Port F | H53: FALSE | I53: PF | J53: FALSE
A54: SPEED | B54: 19200 | C54: Baud Rate | D54: Communications | E54: Port F | H54: FALSE | I54: PF | J54: FALSE
A55: EPORT | B55: Y | C55: Enable Port | D55: Communications | E55: Port 1 | H55: FALSE | I55: P1 | J55: FALSE
A56: ETELNET | B56: Y | C56: Enable Telnet | D56: Communications | E56: Port 1 | H56: FALSE | I56: P1 | J56: FALSE
A57: EFTP | B57: N | C57: Enable FTP | D57: Communications | E57: Port 1 | H57: FALSE | I57: P1 | J57: FALSE
A58: EPING | B58: Y | C58: Enable Ping | D58: Communications | E58: Port 1 | H58: FALSE | I58: P1 | J58: FALSE
A59: SUBNETM | B59: =Reference!B20 -> 255.255.255.0 | C59: Subnet Mask | D59: Communications | E59: Port 1 | H59: FALSE | I59: P1 | J59: FALSE
A60: DEFRTR | B60: =Reference!B19 -> 172.31.100.254 | C60: Default Router Gateway | D60: Communications | E60: Port 1 | H60: FALSE | I60: P1 | J60: FALSE
A61: ETCPKA | B61: Y | C61: Enable TCP Keep-Alive | D61: Communications | E61: Port 1 | H61: FALSE | I61: P1 | J61: FALSE
A62: KAIDLE | B62: 10 | C62: TCP KA Idle Range (sec) | D62: Communications | E62: Port 1 | H62: FALSE | I62: P1 | J62: FALSE
A63: KAINTV | B63: 10 | C63: TCP KA Interval Range (sec) | D63: Communications | E63: Port 1 | H63: FALSE | I63: P1 | J63: FALSE
A64: KACNT | B64: 5 | C64: TCP KA Count Range | D64: Communications | E64: Port 1 | H64: FALSE | I64: P1 | J64: FALSE
A65: TPORT | B65: 23 | C65: Telnet Port | D65: Communications | E65: Port 1 | H65: FALSE | I65: P1 | J65: FALSE
A66: NETMODE | B66: FAILOVER | C66: Port Operating Mode | D66: Communications | E66: Port 1 | H66: FALSE | I66: P1 | J66: FALSE
A67: NETPORT | B67: A | C67: Primary Port | D67: Communications | E67: Port 1 | H67: FALSE | I67: P1 | J67: FALSE
A68: EDNP | B68: 2 | C68: Enable DNP Session | D68: Communications | E68: Port 1 | H68: FALSE | I68: P1 | J68: FALSE
A69: DNPADR | B69: 1 | C69: DNP Address | D69: Communications | E69: Port 1 | H69: FALSE | I69: P1 | J69: FALSE
A70: DNPIP1 | B70: =Reference!$B$21 -> 172.31.100.241 | C70: DNP Client IP | D70: Communications | E70: Port 1 | H70: FALSE | I70: P1 | J70: FALSE
A71: DNPNUM1 | B71: 20000 | C71: DNP TCP Port | D71: Communications | E71: Port 1 | H71: FALSE | I71: P1 | J71: FALSE
A72: REPADR1 | B72: 0 | C72: Client DNP Address | D72: Communications | E72: Port 1 | H72: FALSE | I72: P1 | J72: FALSE
A73: DNPMAP1 | B73: 1 | C73: DNP Map | D73: Communications | E73: Port 1 | H73: FALSE | I73: P1 | J73: FALSE
A74: DVARAI1 | B74: 5 | C74: DNP Analog Input Variation | D74: Communications | E74: Port 1 | H74: FALSE | I74: P1 | J74: FALSE
A75: DVARAIE1 | B75: 5 | C75: DNP Analog Input Variation | D75: Communications | E75: Port 1 | H75: FALSE | I75: P1 | J75: FALSE
A76: DNPIP2 | B76: =Reference!$B$22 -> 172.31.100.243 | C76: DNP Client IP | D76: Communications | E76: Port 1 | H76: FALSE | I76: P1 | J76: FALSE
A77: DNPNUM2 | B77: 20000 | C77: DNP TCP Port | D77: Communications | E77: Port 1 | H77: FALSE | I77: P1 | J77: FALSE
A78: REPADR2 | B78: 0 | C78: Client DNP Address | D78: Communications | E78: Port 1 | H78: FALSE | I78: P1 | J78: FALSE
A79: DNPMAP2 | B79: 1 | C79: DNP Map | D79: Communications | E79: Port 1 | H79: FALSE | I79: P1 | J79: FALSE
A80: DVARAI2 | B80: 5 | C80: DNP Analog Input Variation | D80: Communications | E80: Port 1 | H80: FALSE | I80: P1 | J80: FALSE
A81: DVARAIE2 | B81: 5 | C81: DNP Analog Input Variation | D81: Communications | E81: Port 1 | H81: FALSE | I81: P1 | J81: FALSE
A82: EPORT | B82: N | C82: Enable Port 2 | D82: Communications | E82: Port 2 | H82: FALSE | I82: P2 | J82: FALSE
A83: EPORT | B83: N | C83: Enable Port 3 | D83: Communications | E83: Port 3 | H83: FALSE | I83: P3 | J83: FALSE
A84: BI_00 | B84: ENABLED | C84: Relay Enabled | D84: Communications | E84: DNP | H84: FALSE | I84: D1 | J84: FALSE
A85: BI_01 | B85: IRIGOK | C85: IRIG Status | D85: Communications | E85: DNP | H85: FALSE | I85: D1 | J85: FALSE
A86: BI_02 | B86: IN201 | C86: I/O | D86: Communications | E86: DNP | H86: FALSE | I86: D1 | J86: FALSE
A87: BI_03 | B87: IN202 | C87: I/O | D87: Communications | E87: DNP | H87: FALSE | I87: D1 | J87: FALSE
A88: BI_04 | B88: IN203 | C88: I/O | D88: Communications | E88: DNP | H88: FALSE | I88: D1 | J88: FALSE
A89: BI_05 | B89: IN204 | C89: I/O | D89: Communications | E89: DNP | H89: FALSE | I89: D1 | J89: FALSE
A90: BI_06 | B90: IN205 | C90: I/O | D90: Communications | E90: DNP | H90: FALSE | I90: D1 | J90: FALSE
A91: BI_07 | B91: IN206 | C91: I/O | D91: Communications | E91: DNP | H91: FALSE | I91: D1 | J91: FALSE
A92: BI_08 | B92: IN207 | C92: I/O | D92: Communications | E92: DNP | H92: FALSE | I92: D1 | J92: FALSE
A93: BI_09 | B93: IN208 | C93: I/O | D93: Communications | E93: DNP | H93: FALSE | I93: D1 | J93: FALSE
... A109: BI_25 | B109: IN308 | C109: I/O | D109: Communications | E109: DNP | H109: FALSE | I109: D1 | J109: FALSE
A110: BI_26 | B110: IN309 | C110: I/O | D110: Communications | E110: DNP | G110: 1 | H110: FALSE | I110: D1 | J110: FALSE
A111: BI_27 | B111: IN310 | C111: I/O | D111: Communications | E111: DNP | G111: 1 | H111: FALSE | I111: D1 | J111: FALSE
A112: BI_28 | B112: IN311 | C112: I/O | D112: Communications | E112: DNP | G112: 1 | H112: FALSE | I112: D1 | J112: FALSE
A113: BI_29 | B113: IN312 | C113: I/O | D113: Communications | E113: DNP | G113: 1 | H113: FALSE | I113: D1 | J113: FALSE
A114: BI_30 | B114: IN313 | C114: I/O | D114: Communications | E114: DNP | G114: 1 | H114: FALSE | I114: D1 | J114: FALSE
A115: BI_33 | B115: IN316 | C115: I/O | D115: Communications | E115: DNP | G115: 1 | H115: FALSE | I115: D1 | J115: FALSE
A116: BI_26 | B116: IN316 | C116: I/O | D116: Communications | E116: DNP | G116: 2 | H116: FALSE | I116: D1 | J116: FALSE

Sheet Line_GE L90
A1: SEL-411L Line Protection Settings & Logic
A7: Relay Specification
A8: Manufacturer | B8: GE
A9: Model | B9: GE L90
A10: Part # | B10: L90-TB5-HLH-F8L-H6P-L8L-N6S-S6S-U6D-W7K
A11: Function | B11: Line Protection
A13: Front View | E13: Rear View
A34: Relay Classification
A35: Relay ID (RID) | B35: Setpoint Class | C35: Logic Class | D35: IP Address/CIDR (IPADDR)
A36: 87LP | B36: A | C36: 1 | D36: =IFERROR(VLOOKUP(class_411L65[[#This Row],[Relay ID (RID)]],[1]IPs!$C$45:$G$250,5,FALSE),"") -> 172.31.100.70
A39: I/O Summary | D39: Remote Bit Summary
A40: I/O | B40: Description | D40: Element | E40: Description | F40: Behavior
A41: IN/OUT | B41: Description | D41: RB1 | E41: Target Reset | F41: Pulse
A42: IN201 | B42: 52L Status (a)
A43: IN202 | B43: 89L Status (a)
A44: IN203 | B44: 86DTT Status | D44: Pushbutton Summary
A45: IN204 | B45: 86DTT Trip Coil Monitor | D45: Element | E45: Description | F45: Target LED
A46: IN205 | B46: Incoming BF TT | D46: PB1 | E46: Local 87L BLOCK | F46: PB1_LED
A47: IN206 | B47: Not Used | D47: PB2 | E47: DTT Tx BLOCK | F47: PB2_LED
A48: IN207 | B48: Not Used | D48: PB3 | E48: DTT Rx BLOCK | F48: PB3_LED
A49: IN208 | B49: Not Used | D49: PB4 | E49: 87L TEST MODE | F49: PB4_LED
A50: OUT201 | B50: 52L Protection Trip (TC1) | D50: PB5 | E50: DTT RECVD Indication | F50: PB5_LED
A51: OUT202 | B51: Not Used | D51: PB6 | E51: DTT SENT Indication | F51: PB6_LED
A52: OUT203 | B52: 86DTT Lockout Trip | D52: PB7 | E52: BKR 52L Status (Grn/Open) | F52: PB7_LED
A53: OUT204 | B53: Breaker Failure Initiate | D53: PB8 | E53: SW 89L Status (Grn/Open) | F53: PB8_LED
A54: OUT205 | B54: Not Used | D54: PB9 | E54: REMOTE 87L BLOCK | F54: PB9_LED
A55: OUT206 | B55: Spare | D55: PB10 | E55: REMOTE TERMINAL (Grn/Open) | F55: PB10LED
A56: OUT207 | B56: Not Used | D56: PB11 | E56: 86DTT TCM FAIL (Push to Reset) | F56: PB11LED
A57: OUT208 | B57: Not Used | D57: PB12 | E57: Not Used | F57: PB12LED
A58: OUT209 | B58: Not Used
A59: OUT210 | B59: Not Used
A60: OUT211 | B60: Not Used | D60: Ratios & Nominal Voltages
A61: OUT212 | B61: Not Used | D61: Element | E61: Value
A62: OUT213 | B62: Not Used | D62: CT Ratio | E62: 600
A63: OUT214 | B63: Relay Fail Alarm | D63: PT Ratio | E63: 2000
A64: OUT215 | B64: Not Used | D64: Collector Voltage (LL, kV) | E64: 230
A65: IN301 | B65: Not Used | D65: Relay Nominal Voltage (LL, Vsec) | E65: =E64*10^3/E63 -> 115
A66: IN302 | B66: Not Used
A67: IN303 | B67: Not Used
A68: IN304 | B68: Not Used
A69: IN305 | B69: Not Used
A70: IN306 | B70: Not Used
A71: IN307 | B71: Not Used
A72: IN308 | B72: Not Used
A73: OUT301 | B73: Not Used
A74: OUT302 | B74: Not Used
A75: OUT303 | B75: Not Used
A76: OUT304 | B76: Not Used
A77: OUT305 | B77: Not Used
... A87: OUT315 | B87: Not Used
A90: Channel TX/RX Addresses
A91: CH Address | B91: Local | C91: Remote
A92: Channel_1 TA_1 | B92: 2 | C92: 1
A93: Channel_1 RA_1 | B93: 1 | C93: 2
A96: Line Impedence
A97: Impedance Type | B97: Magnitude (Ω_Sec) | C97: Magnitude (Ω_Pri) | D97: Angle (Degree)
A98: Positive sequence line impedance | B98: 0.494 | C98: 1.6469 | D98: 85.69
A99: Zero sequence line impedance | B99: 1.703 | C99: 5.676 | D99: 79.19
A102: Settings Table
A103: Setting | B103: Value | C103: Description | D103: Category | E103: Function | F103: Setpoint Class | G103: Logic Class | H103: Float | I103: QuickSet Group | J103: SER
A104: SID | B104: =Reference!B16 -> GRVR HL WND | C104: Station Identifier | D104: Global | E104: General | H104: FALSE | J104: FALSE
A105: CONAM | B105: =LEFT(Reference!B17,5) -> AEP | C105: Company Name | D105: Global | E105: General | H105: FALSE | J105: FALSE
A106: NFREQ | B106: 60 | C106: Nominal Frequency (Hz) | D106: Global | E106: General | H106: FALSE | J106: FALSE
A107: PHROT | B107: ABC | C107: Phase Rotation | D107: Global | E107: General | H107: FALSE | J107: FALSE
A108: BID1 | B108: 52L | C108: Breaker 1 Identifier | D108: Global | E108: General | H108: FALSE | J108: FALSE
A109: SS1 | B109: 1 | C109: Settings Group 1 Enable | D109: Global | E109: Enable | H109: FALSE | J109: FALSE
A110: SS2 | B110: 0 | C110: Settings Group 2 Enable | D110: Global | E110: Enable | H110: FALSE | J110: FALSE
A111: SS3 | B111: 0 | C111: Settings Group 3 Enable | D111: Global | E111: Enable | H111: FALSE | J111: FALSE
A112: SS4 | B112: 0 | C112: Settings Group 4 Enable | D112: Global | E112: Enable | H112: FALSE | J112: FALSE
A113: SS5 | B113: 0 | C113: Settings Group 5 Enable | D113: Global | E113: Enable | H113: FALSE | J113: FALSE
A114: SS6 | B114: 0 | C114: Settings Group 6 Enable | D114: Global | E114: Enable | H114: FALSE | J114: FALSE
A115: IRIGC | B115: C37.118 | C115: IRIG Control Bits Definition | D115: Global | E115: Time | H115: FALSE | J115: FALSE
A116: UTCOFF | B116: =Reference!B18 -> -5 | C116: UTC Offset to Local Time | D116: Global | E116: Time | H116: TRUE | J116: FALSE
A117: EDRSTC | B117: Y | C117: Enable Date Reset Control | D117: Global | E117: Data Reset Control | H117: FALSE | J117: FALSE
A118: RSTTRGT | B118: RB15 | C118: Target Reset | D118: Global | E118: Data Reset Control | H118: FALSE | J118: FALSE
A119: E87CH | B119: 2SD | C119: Enable 87L Channel (2 Terminal, Redundant Channel) | D119: Port 87 | E119: Enable | H119: FALSE | J119: FALSE
A120: E87PG | B120: P | C120: Enable Tx/Rx Addresses and 87L Transmit Bits in Group Settings | D120: Port 87 | E120: Enable | H120: FALSE | J120: FALSE
A121: 87PCH | B121: 1 | C121: 87L Primary Serial Channel | D121: Port 87 | E121: Channel Config | H121: FALSE | J121: FALSE
A122: 87TADR | B122: 1 | C122: Relay Transmit Address | D122: Port 87 | E122: Channel Config | H122: FALSE | J122: FALSE
A123: 87R1ADR | B123: 2 | C123: Channel 1 Receive Address | D123: Port 87 | E123: Channel Config | H123: FALSE | J123: FALSE
A124: 52AA1 | B124: IN201 | C124: BK1 Contact Input | D124: Breaker Monitor | E124: Breaker 1 | H124: FALSE | J124: FALSE
A125: CTRW | B125: =E62 -> 600 | C125: CT Ratio, Terminal W | D125: Line Configuration | E125: Ratios | H125: FALSE | J125: FALSE
A126: PTRY | B126: =E63 -> 2000 | C126: PT Ratio, Terminal Y | D126: Line Configuration | E126: Ratios | H126: FALSE | J126: FALSE
A127: VNOMY | B127: =E65 -> 115 | C127: PT Nominal Voltage (LL, Vsec) | D127: Line Configuration | E127: Ratios | H127: FALSE | J127: FALSE
A128: Z1MAG | B128: =B98 -> 0.494 | C128: Pos Seq Line Impedance Mag | D128: Line Configuration | E128: Line Impedance | H128: TRUE | J128: FALSE
A129: Z1ANG | B129: =D98 -> 85.69 | C129: Pos Seq Line Impedance Angle | D129: Line Configuration | E129: Line Impedance | H129: TRUE | J129: FALSE
A130: Z0MAG | B130: =B99 -> 1.703 | C130: 0 Seq Line Impendance Mag | D130: Line Configuration | E130: Line Impedance | H130: TRUE | J130: FALSE
A131: Z0ANG | B131: =D99 -> 79.19 | C131: 0 Seq Line Impedance Ang | D131: Line Configuration | E131: Line Impedance | H131: TRUE | J131: FALSE
A132: E87L | B132: Y | C132: Enable Line Current Differential Protection 87L | D132: Relay Configuration | E132: Enable | H132: FALSE | J132: FALSE
A133: E87LCC | B133: N | C133: Enable Line Charging Current Compensation | D133: Relay Configuration | E133: Enable | H133: FALSE | J133: FALSE
A134: E87XFMR | B134: N | C134: Enable in Line Transformer Differential Protection | D134: Relay Configuration | E134: Enable | H134: FALSE | J134: FALSE
A135: E87OCTL | B135: Y | C135: Enable Open CT Detection Logic | D135: Relay Configuration | E135: Enable | H135: FALSE | J135: FALSE
A136: E21MP | B136: 2 | C136: Enable Mho Phase Distance Zones | D136: Relay Configuration | E136: Enable | H136: FALSE | J136: FALSE
A137: E21XP | B137: N | C137: Enable Quadrilateral Phase Distance Zones | D137: Relay Configuration | E137: Enable | H137: FALSE | J137: FALSE
A138: E21MG | B138: 2 | C138: Enable Mho Ground Distance Zones | D138: Relay Configuration | E138: Enable | H138: FALSE | J138: FALSE
A139: E21XG | B139: N | C139: Enable Quadrilateral Ground Distance Zones | D139: Relay Configuration | E139: Enable | H139: FALSE | J139: FALSE
A140: ECVT | B140: Y | C140: Enable CVT Transient Detection | D140: Relay Configuration | E140: Enable | H140: FALSE | J140: FALSE
A141: ESERCMP | B141: N | C141: Enable Series-Compensated Line Logic | D141: Relay Configuration | E141: Enable | H141: FALSE | J141: FALSE
A142: ECDTD | B142: Y | C142: Enable Distance Element Common Time Delay | D142: Relay Configuration | E142: Enable | H142: FALSE | J142: FALSE
A143: ESOTF | B143: Y | C143: Enable Switch-Onto-Fault | D143: Relay Configuration | E143: Enable | H143: FALSE | J143: FALSE
...

Sheet Line_411L
A1: SEL-411L Line Protection Settings & Logic
A7: Relay Specification
A8: Manufacturer | B8: SEL
A9: Model | B9: SEL-411L
A10: Part # | B10: 0411L1X6X5C8EEXH674740X
A11: Function | B11: Line Protection
A13: Front View | E13: Rear View
A34: Relay Classification
A35: Relay ID (RID) | B35: Setpoint Class | C35: Logic Class | D35: IP Address/CIDR (IPADDR)
A36: 87LS | B36: A | C36: 1 | D36: =IFERROR(VLOOKUP(class_411L[[#This Row],[Relay ID (RID)]],[1]IPs!$C$45:$G$250,5,FALSE)&"/24","") -> 172.31.100.71/24
A39: I/O Summary | D39: Remote Bit Summary
A40: I/O | B40: Description | D40: Element | E40: Description | F40: Behavior
A41: IN/OUT | B41: Description | D41: RB1 | E41: Target Reset | F41: Pulse
A42: IN201 | B42: 52T Status (a)
A43: IN202 | B43: 89L Status (a)
A44: IN203 | B44: 86DTT Status | D44: Pushbutton Summary
A45: IN204 | B45: Spare | D45: Element | E45: Description | F45: Target LED
A46: IN205 | B46: Incoming BF TT | D46: PB1 | E46: Local 87L BLOCK | F46: PB1_LED
A47: IN206 | B47: Spare | D47: PB2 | E47: DTT Tx BLOCK | F47: PB2_LED
A48: IN207 | B48: Not Used | D48: PB3 | E48: DTT Rx BLOCK | F48: PB3_LED
A49: IN208 | B49: Not Used | D49: PB4 | E49: 87L TEST MODE | F49: PB4_LED
A50: OUT201 | B50: 52T Protection Trip (TC1) | D50: PB5 | E50: DTT Received Indication | F50: PB5_LED
A51: OUT202 | B51: Not Used | D51: PB6 | E51: DTT Sent Indication | F51: PB6_LED
A52: OUT203 | B52: 86DTT Lockout Trip | D52: PB7 | E52: BKR 52T1 Status (Grn/Open) | F52: PB7_LED
A53: OUT204 | B53: Breaker Failure Initiate | D53: PB8 | E53: SW 89L1 Status (Grn/Open) | F53: PB8_LED
A54: OUT205 | B54: Not Used | D54: PB9 | E54: Remote 87L Block | F54: PB9_LED
A55: OUT206 | B55: Spare | D55: PB10 | E55: Remote Terminal Closed | F55: PB10LED
A56: OUT207 | B56: Not Used | D56: PB11 | E56: Remote Terminal Open | F56: PB11LED
A57: OUT208 | B57: Not Used | D57: PB12 | E57: Event Manual Trigger | F57: PB12LED
A58: OUT209 | B58: Not Used
A59: OUT210 | B59: Not Used
A60: OUT211 | B60: Not Used | D60: Ratios & Nominal Voltages
A61: OUT212 | B61: Not Used | D61: Terminal | E61: Element | F61: Value
A62: OUT213 | B62: Not Used | D62: IW | E62: CT Ratio | F62: 400
A63: OUT214 | B63: Relay Fail Alarm | E63: Line Voltage (kV-LL)
A64: OUT215 | B64: Not Used | D64: VY | E64: PT Ratio | F64: 1200
A65: IN301 | B65: Not Used | E65: Line Voltage (LL, kV) | F65: 138
A66: IN302 | B66: Not Used | E66: Relay Nominal Voltage (LL, Vsec) | F66: =F65*10^3/F64 -> 115
A67: IN303 | B67: Not Used
A68: IN304 | B68: Not Used
A69: IN305 | B69: Not Used
A70: IN306 | B70: Not Used
A71: IN307 | B71: Not Used
A72: IN308 | B72: Not Used
A73: OUT301 | B73: Not Used
A74: OUT302 | B74: Not Used
A75: OUT303 | B75: 87LS Fault Indicator
A76: OUT304 | B76: Not Used
A77: OUT305 | B77: Not Used
A78: OUT306 | B78: Not Used
... A87: OUT315 | B87: Not Used
A90: Channel TX/RX Addresses
A91: CH Address | B91: Local | C91: Remote
A92: 87TADR | B92: 4 | C92: 3
A93: 87R1ADR | B93: 3 | C93: 4
A96: Line Impedence
A97: Impedance Type | B97: Magnitude (Ω_Sec) | C97: Magnitude (Ω_Pri) | D97: Angle (Degree)
A98: Positive sequence line impedance | B98: 2.0222457 | C98: 6.0667372 | D98: 80.951636
A99: Zero sequence line impedance | B99: 4.9660212 | C99: 14.898064 | D99: 82.168203
A102: Settings Table
A103: Setting | B103: Value | C103: Description | D103: Category | E103: Function | F103: Setpoint Class | G103: Logic Class | H103: Float | I103: QuickSet Group | J103: SER
A104: SID | B104: GRVR HL WND | C104: Station Identifier | D104: Global | E104: General | H104: FALSE | I104: G1 | J104: FALSE
A105: RID | B105: 87LS | C105: Relay Identifier | D105: Global | E105: General | H105: FALSE | I105: G1 | J105: FALSE
A106: CONAM | B106: AEP | C106: Company Name | D106: Global | E106: General | H106: FALSE | I106: G1 | J106: FALSE
A107: BID1 | B107: 52T1 | C107: Breaker 1 Identifier | D107: Global | E107: General | H107: FALSE | I107: G1 | J107: FALSE
A108: FAULT | B108: 51S01 OR Z2P OR Z2G OR 87LP OR 87LQ OR 87LG | C108: Fault Condition Equation (SELogic) | D108: Global | E108: Trip | H108: FALSE | I108: G1 | J108: FALSE
A109: EGADVS | B109: Y | C109: Advanced Global Settings | D109: Global | E109: Enable | H109: FALSE | I109: G1 | J109: FALSE
A110: SS1 | B110: 1 | C110: Condition(s) to Enable Setting Group 1 (SELogic) | D110: Global | E110: Enable | H110: FALSE | I110: G1 | J110: FALSE
A111: SS2 | B111: 0 | C111: Condition(s) to Enable Setting Group 2 (SELogic) | D111: Global | E111: Enable | H111: FALSE | I111: G1 | J111: FALSE
A112: TGR | B112: 300 | C112: Group Change Delay (cyc) | D112: Global | E112: General | H112: FALSE | I112: G1 | J112: FALSE
A113: ESS | B113: Y | C113: Current and Voltage Source Selection | D113: Global | E113: General | H113: FALSE | I113: G1 | J113: FALSE
A114: IRIGC | B114: C37.118 | C114: IRIG-B Control Bits Definition | D114: Global | E114: Time | H114: FALSE | I114: G1 | J114: FALSE
A115: UTCOFF | B115: -5.0 | C115: Offset From UTC to Local Time | D115: Global | E115: Time | H115: FALSE | I115: G1 | J115: FALSE
... A169: Z2MP | B169: 2.53 | C169: Zone 2 Reach (ohms,sec) | D169: Mho Phase Distance Reach | E169: Mho Phase Distance | H169: TRUE | I169: S1 | J169: FALSE
A170: Z1PD | B170: 0 | C170: Zone 1 Time Delay (cyc) | D170: Phase Distance Time Delay | E170: Phase Distance | H170: TRUE | I170: S1 | J170: FALSE
A171: Z2PD | B171: OFF | C171: Zone 2 Time Delay (cyc) | D171: Phase Distance Time Delay | E171: Phase Distance | H171: FALSE | I171: S1 | J171: FALSE
A172: Z3PD | B172: OFF | C172: Zone 3 Time Delay (cyc) | D172: Phase Distance Time Delay | E172: Phase Distance | H172: TRUE | I172: S1 | J172: FALSE
A173: ARESE | B173: N | C173: Enable Adaptive Resistive Element (Y, N) | D173: Quad Ground Distance Reach | E173: Quad Ground Distance | H173: TRUE | I173: S1 | J173: FALSE
A174: XG1 | B174: 1.62 | C174: Zone 1 Reactance (ohms,sec) | D174: Quad Ground Distance Reach | E174: Quad Ground Distance | H174: TRUE | I174: S1 | J174: FALSE
A175: RG1 | B175: 3.00 | C175: Zone 1 Resistance (ohms,sec) | D175: Quad Ground Distance Reach | E175: Quad Ground Distance | H175: FALSE | I175: S1 | J175: FALSE
A176: XG2 | B176: 2.53 | C176: Zone 2 Reactance (ohms,sec) | D176: Quad Ground Distance Reach | E176: Quad Ground Distance | H176: TRUE | I176: S1 | J176: FALSE
A177: RG2 | B177: 5.00 | C177: Zone 2 Resistance (ohms,sec) | D177: Quad Ground Distance Reach | E177: Quad Ground Distance | H177: TRUE | I177: S1 | J177: FALSE
A178: XGPOL | B178: IG | C178: Quad Ground Polarizing Quantity | D178: Quad Ground Distance Reach | E178: Quad Ground Distance | H178: FALSE | I178: S1 | J178: FALSE
A179: TANGG | B179: 0.0 | C179: Ground Nonhomogeneous Correction Angle (deg) | D179: Quad Ground Distance Reach | E179: Quad Ground Distance | H179: TRUE | I179: S1 | J179: FALSE
A180: Z1XGTC | B180: 1 | C180: Quad Ground Zone 1 Torque Control | D180: Quad Ground Distance Reach | E180: Quad Ground Distance | H180: FALSE | J180: FALSE
A181: Z2XGTC | B181: 1 | C181: Quad Ground Zone 2 Torque Control | D181: Quad Ground Distance Reach | E181: Quad Ground Distance | H181: FALSE | J181: FALSE
A182: k0M1 | B182: 0.485 | C182: Zone 1 ZSC Factor Magnitude | D182: Zero-Sequence Compensation Factor | E182: Zero-Sequence Compensation | H182: FALSE | I182: S1 | J182: FALSE
A183: k0A1 | B183: 2.05 | C183: Zone 1 ZSC Factor Angle (deg) | D183: Zero-Sequence Compensation Factor | E183: Zero-Sequence Compensation | H183: TRUE | I183: S1 | J183: FALSE
A184: k0M | B184: 0.485 | C184: Forward Zones ZSC Factor Magnitude | D184: Zero-Sequence Compensation Factor | E184: Zero-Sequence Compensation | H184: FALSE | I184: S1 | J184: FALSE
A185: k0A | B185: 2.05 | C185: Forward Zones ZSC Factor Angle (deg) | D185: Zero-Sequence Compensation Factor | E185: Zero-Sequence Compensation | H185: TRUE | I185: S1 | J185: FALSE
A186: k0MR | B186: 0.485 | C186: Reverse Zones ZSC Factor Magnitude | D186: Zero-Sequence Compensation Factor | E186: Zero-Sequence Compensation | H186: FALSE | I186: S1 | J186: FALSE
A187: k0AR | B187: 2.05 | C187: Reverse Zones ZSC Factor Angle (deg) | D187: Zero-Sequence Compensation Factor | E187: Zero-Sequence Compensation | H187: TRUE | I187: S1 | J187: FALSE
A188: Z1GD | B188: 0 | C188: Zone 1 Time Delay (cyc) | D188: Ground Distance Time Delay | E188: Ground Distance | H188: FALSE | J188: FALSE
A189: Z2GD | B189: OFF | C189: Zone 2 Time Delay (cyc) | D189: Ground Distance Time Delay | E189: Ground Distance | H189: FALSE | I189: S1 | J189: FALSE
A190: Z3GD | B190: OFF | C190: Zone 3 Time Delay (cyc) | D190: Ground Distance Time Delay | E190: Ground Distance | H190: TRUE | I190: S1 | J190: FALSE
A191: Z1D | B191: 0 | C191: Zone 1 Time Delay (cyc) | D191: Distance Time Delay | E191: Common Distance | H191: FALSE | J191: FALSE
A192: Z2D | B192: 42.000 | C192: Zone 2 Time Delay (cyc) | D192: Distance Time Delay | E192: Common Distance | H192: TRUE | I192: S1 | J192: FALSE
A193: Z3D | B193: OFF | C193: Zone 3 Time Delay (cyc) | D193: Distance Time Delay | E193: Common Distance | H193: TRUE | I193: S1 | J193: FALSE
A194: 51O01 | B194: LIGFIM | C194: Inverse Time Overcurrent 01 Operate Quantity | D194: Inverse TOC | E194: Overcurrent Protection | H194: FALSE | I194: S1 | J194: FALSE
A195: 51P01 | B195: 1.200000 | C195: Inverse Time Overcurrent 01 Pickup Value Equation (SELogic) | D195: Inverse TOC | E195: Overcurrent Protection | H195: TRUE | I195: S1 | J195: FALSE
...

Sheet DFR_TESLA 4000-A
A1: DFR ERLPhase Tesla 4000-A Settings & Logic
A7: Relay Specification
A8: Manufacturer | B8: ERL Phase Power Technologies
A9: Model | B9: TESLA 4000-A
A10: Part # | B10: A2-16-0-0-2-60-0-0-0-0-A
A11: Function | B11: Digital Fault Recorder
A13: Front View | E13: Rear View
A23: Relay Classification
A24: Device ID (DID) | B24: Setpoint Class | C24: Logic Class | D24: IP Address (IPADDR)
A25: DFR1 | B25: A | C25: 1 | D25: =IFERROR(VLOOKUP(class_2440111[[#This Row],[Device ID (DID)]],[1]IPs!$C$45:$G$250,5,FALSE),"") -> 172.31.100.122
D26: =IFERROR(VLOOKUP(class_2440111[[#This Row],[Device ID (DID)]],[1]IPs!$C$45:$G$250,5,FALSE),"")
A29: I/O Summary
A30: I/O | B30: Description
A31: See project schematics.
A34: Settings Table
A35: Setting | B35: Value | C35: Description | D35: Category | E35: Function | F35: Setpoint Class | G35: Logic Class | H35: Float | I35: QuickSet Group | J35: SER
A36: TID | B36: =Reference!B16 -> GRVR HL WND | C36: Terminal ID | D36: General | E36: Device | H36: FALSE | J36: FALSE
A37: OUT101 | B37: SV01T | C37: Not Used | D37: Outputs | E37: Output | H37: FALSE | J37: FALSE
A38: OUT102 | B38: SV02T | C38: Not Used | D38: Outputs | E38: Output | H38: FALSE | J38: FALSE
A39: OUT103 | B39: SV03T | C39: Not Used | D39: Outputs | E39: Output | H39: FALSE | J39: FALSE
A40: OUT104 | B40: SV04T | C40: Not Used | D40: Outputs | E40: Output | H40: FALSE | J40: FALSE
A41: OUT105 | B41: SV05T | C41: Not Used | D41: Outputs | E41: Output | H41: FALSE | J41: FALSE
A42: OUT106 | B42: SV06T | C42: Not Used | D42: Outputs | E42: Output | H42: FALSE | J42: FALSE
A43: OUT107 | B43: SV07T | C43: Not Used | D43: Outputs | E43: Output | H43: FALSE | J43: FALSE
A44: OUT108 | B44: SV08T | C44: Not Used | D44: Outputs | E44: Output | H44: FALSE | J44: FALSE
A45: OUT109 | B45: SV09T | C45: Not Used | D45: Outputs | E45: Output | H45: FALSE | J45: FALSE
A46: OUT110 | B46: SV10T | C46: Not Used | D46: Outputs | E46: Output | H46: FALSE | J46: FALSE
A47: OUT111 | B47: SV11T | C47: Not Used | D47: Outputs | E47: Output | H47: FALSE | J47: FALSE
A48: OUT112 | B48: SV12T | C48: Not Used | D48: Outputs | E48: Output | H48: FALSE | J48: FALSE
... A53: EPORT | B53: Y | C53: Port Protocol | D53: Communications | E53: Port F | H53: FALSE | J53: FALSE
A54: SPEED | B54: 19200 | C54: Baud Rate | D54: Communications | E54: Port F | H54: FALSE | J54: FALSE
A55: EPORT | B55: Y | C55: Enable Port | D55: Communications | E55: Port 1 | H55: FALSE | J55: FALSE
A56: ETELNET | B56: Y | C56: Enable Telnet | D56: Communications | E56: Port 1 | H56: FALSE | J56: FALSE
A57: EFTP | B57: Y | C57: Enable FTP | D57: Communications | E57: Port 1 | H57: FALSE | J57: FALSE
A58: EPING | B58: Y | C58: Enable Ping | D58: Communications | E58: Port 1 | H58: FALSE | J58: FALSE
A59: SUBNETM | B59: =Reference!B20 -> 255.255.255.0 | C59: Subnet Mask | D59: Communications | E59: Port 1 | H59: FALSE | J59: FALSE
A60: DEFRTR | B60: =Reference!B19 -> 172.31.100.254 | C60: Default Router Gateway | D60: Communications | E60: Port 1 | H60: FALSE | J60: FALSE
A61: TPORT | B61: 23 | C61: Telnet Port | D61: Communications | E61: Port 1 | H61: FALSE | J61: FALSE
A62: NETMODE | B62: FAILOVER | C62: Port Operating Mode | D62: Communications | E62: Port 1 | H62: FALSE | J62: FALSE
A63: NETPORT | B63: A | C63: Primary Port | D63: Communications | E63: Port 1 | H63: FALSE | J63: FALSE
A64: EDNP | B64: 1 | C64: Enable DNP Session | D64: Communications | E64: Port 1 | H64: FALSE | J64: FALSE
A65: DNPADR | B65: 1 | C65: DNP Address | D65: Communications | E65: Port 1 | H65: FALSE | J65: FALSE
A66: DNPIP1 | B66: =Reference!B21 -> 172.31.100.241 | C66: DNP Client IP | D66: Communications | E66: Port 1 | H66: FALSE | J66: FALSE
A67: DNPNUM1 | B67: 20000 | C67: DNP TCP Port | D67: Communications | E67: Port 1 | H67: FALSE | J67: FALSE
A68: REPADR1 | B68: 0 | C68: Client DNP Address | D68: Communications | E68: Port 1 | H68: FALSE | J68: FALSE
A69: DNPMAP1 | B69: 1 | C69: DNP Map | D69: Communications | E69: Port 1 | H69: FALSE | J69: FALSE
A70: DVARAI1 | B70: 5 | C70: DNP Analog Input Variation | D70: Communications | E70: Port 1 | H70: FALSE | J70: FALSE
A71: BI_00 | B71: ENABLED | C71: Relay Enabled | D71: Communications | E71: DNP | H71: FALSE | J71: FALSE
A72: BI_01 | B72: IRIGOK | C72: IRIG Status | D72: Communications | E72: DNP | H72: FALSE | J72: FALSE
A73: BI_02 | B73: IN201 | C73: I/O | D73: Communications | E73: DNP | H73: FALSE | J73: FALSE
A74: BI_03 | B74: IN202 | C74: I/O | D74: Communications | E74: DNP | H74: FALSE | J74: FALSE
A75: BI_04 | B75: IN203 | C75: I/O | D75: Communications | E75: DNP | H75: FALSE | J75: FALSE
A76: BI_05 | B76: IN204 | C76: I/O | D76: Communications | E76: DNP | H76: FALSE | J76: FALSE
A77: BI_06 | B77: IN205 | C77: I/O | D77: Communications | E77: DNP | H77: FALSE | J77: FALSE
A78: BI_07 | B78: IN206 | C78: I/O | D78: Communications | E78: DNP | H78: FALSE | J78: FALSE
A79: BI_08 | B79: IN207 | C79: I/O | D79: Communications | E79: DNP | H79: FALSE | J79: FALSE
A80: BI_09 | B80: IN208 | C80: I/O | D80: Communications | E80: DNP | H80: FALSE | J80: FALSE
A81: BI_10 | B81: IN209 | C81: I/O | D81: Communications | E81: DNP | H81: FALSE | J81: FALSE
A82: BI_11 | B82: IN210 | C82: I/O | D82: Communications | E82: DNP | H82: FALSE | J82: FALSE
... A104: BI_33 | B104: IN316 | C104: I/O | D104: Communications | E104: DNP | H104: FALSE | J104: FALSE
